~,~,~,~,~,~,~,~,~,~,~,~,~,~,~,~,~,~,~,~,~,~,~,~
~,JOB INFORMATION AND TOOLS,,~,EQUIPMENT NEEDED,MODEL NUMBERS,QTY.,NEW?,~,PLENUMS / SPECIALIZED DUCTWORK,DIMENSIONS,QTY.,NEW?,~,Category,MATERIALS,QTY.,NEW?,~,Category,FITTINGS,QTY.,NEW?,~
~,Salesman Name,New Update!,~,EQUIPMENT,ENTER MODEL NUMBER HERE,,FALSE,~,SUPPLY PLENUM,ENTER DIMENSIONS HERE,,FALSE,~,ADD-ONS,Ionizer (Clear-Sky),,FALSE,~,"1-1/4"" HDPE","1-1/4"" HDPE 20' Pipe",,FALSE,~
~,Job Name,,~,EQUIPMENT,ENTER MODEL NUMBER HERE,,FALSE,~,SUPPLY PLENUM,ENTER DIMENSIONS HERE,,FALSE,~,ADD-ONS,HALO-LED Whole Home Air Purifier,,FALSE,~,"1-1/4"" HDPE","1-1/4"" HDPE 90",,FALSE,~
~,Project Number | PipeDrive ID,,~,EQUIPMENT,ENTER MODEL NUMBER HERE,,FALSE,~,SUPPLY PLENUM,ENTER DIMENSIONS HERE,,FALSE,~,ADD-ONS,AprilAire 800 Steam Humidifier,,FALSE,~,"1-1/4"" HDPE","1-1/4"" HDPE Coupling",,FALSE,~
~,Job address,,~,EQUIPMENT,ENTER MODEL NUMBER HERE,,FALSE,~,SUPPLY PLENUM,ENTER DIMENSIONS HERE,,FALSE,~,ADD-ONS,AprilAire 400 Evaporative Humidifier,,FALSE,~,"1-1/4"" HDPE","1-1/4"" HDPE 45",,FALSE,~
~,Company of Origin,,~,EQUIPMENT,ENTER MODEL NUMBER HERE,,FALSE,~,RETURN PLENUM,ENTER DIMENSIONS HERE,,FALSE,~,ADD-ONS,Kumo Cloud (Mitsubishi Wireless Interface 2),,FALSE,~,"1-1/4"" HDPE","1-1/4"" HDPE Male Adaptor",,FALSE,~
~,Material List Creation Date,6/11/2026,~,EQUIPMENT,ENTER MODEL NUMBER HERE,,FALSE,~,RETURN PLENUM,ENTER DIMENSIONS HERE,,FALSE,~,ADD-ONS,Surge Protector,,FALSE,~,"1-1/4"" HDPE","1-1/4"" HDPE Female Adaptor",,FALSE,~
~,Scheduled Start Date,Not Scheduled,~,EQUIPMENT,ENTER MODEL NUMBER HERE,,FALSE,~,RETURN PLENUM,ENTER DIMENSIONS HERE,,FALSE,~,~,~,~,~,~,"1-1/4"" HDPE","1-1/4"" HDPE Tee",,FALSE,~
~,~,~,~,EQUIPMENT,ENTER MODEL NUMBER HERE,,FALSE,~,RETURN PLENUM,ENTER DIMENSIONS HERE,,FALSE,~,GENERAL MATERIALS,RIB Relay,,FALSE,~,"1-1/4"" HDPE","1-1/4"" x 1"" HDPE Tee",,FALSE,~
~,Estimated Material Cost,~,~,EQUIPMENT,ENTER MODEL NUMBER HERE,,FALSE,~,COFFIN BOX,ENTER DIMENSIONS HERE,,FALSE,~,GENERAL MATERIALS,Electrical Wire Lugs,,FALSE,~,"1-1/4"" HDPE","1-1/4"" x 1"" x 1"" HDPE Tee",,FALSE,~
~,$0.00,~,~,EQUIPMENT,ENTER MODEL NUMBER HERE,,FALSE,~,COFFIN BOX,ENTER DIMENSIONS HERE,,FALSE,~,GENERAL MATERIALS,Furnace Mounting Blocks,,FALSE,~,"1-1/4"" HDPE","1-1/4"" x 1"" HDPE Reducer",,FALSE,~
~,~,~,~,EQUIPMENT,ENTER MODEL NUMBER HERE,,FALSE,~,COFFIN BOX,ENTER DIMENSIONS HERE,,FALSE,~,GENERAL MATERIALS,Foam Blocks,,FALSE,~,"1-1/4"" HDPE","1-1/4"" HDPE Cap",,FALSE,~
~,~,~,~,EQUIPMENT,ENTER MODEL NUMBER HERE,,FALSE,~,COFFIN BOX,ENTER DIMENSIONS HERE,,FALSE,~,GENERAL MATERIALS,Kendorf Unistruts,,FALSE,~,~,~,~,~,~
~,~,~,~,EQUIPMENT,ENTER MODEL NUMBER HERE,,FALSE,~,RETURN CEILING BOX,ENTER DIMENSIONS HERE,,FALSE,~,GENERAL MATERIALS,"3/8"" Threaded Rods",,FALSE,~,"1-1/2"" HDPE","1-1/2"" HDPE 20' Pipe",,FALSE,~
~,~,~,~,EQUIPMENT,ENTER MODEL NUMBER HERE,,FALSE,~,RETURN CEILING BOX,ENTER DIMENSIONS HERE,,FALSE,~,GENERAL MATERIALS,1201 Ductless Stand,,FALSE,~,"1-1/2"" HDPE","1-1/2"" HDPE 90",,FALSE,~
~,~,~,~,EQUIPMENT,ENTER MODEL NUMBER HERE,,FALSE,~,RETURN CEILING BOX,ENTER DIMENSIONS HERE,,FALSE,~,GENERAL MATERIALS,1202 Large Ductless Stand,,FALSE,~,"1-1/2"" HDPE","1-1/2"" HDPE Coupling",,FALSE,~
~,~,~,~,EQUIPMENT,ENTER MODEL NUMBER HERE,,FALSE,~,RETURN CEILING BOX,ENTER DIMENSIONS HERE,,FALSE,~,GENERAL MATERIALS,Ductless Wall Bracket,,FALSE,~,"1-1/2"" HDPE","1-1/2"" HDPE 45",,FALSE,~
~,~,~,~,EQUIPMENT,ENTER MODEL NUMBER HERE,,FALSE,~,CANVAS,ENTER DIMENSIONS HERE,,FALSE,~,GENERAL MATERIALS,36x48x2 Condenser Pad,,FALSE,~,"1-1/2"" HDPE","1-1/2"" HDPE Male Adaptor",,FALSE,~
~,~,~,~,EQUIPMENT,ENTER MODEL NUMBER HERE,,FALSE,~,CANVAS,ENTER DIMENSIONS HERE,,FALSE,~,GENERAL MATERIALS,32x32x2 Condenser Pad,,FALSE,~,"1-1/2"" HDPE","1-1/2"" HDPE Female Adaptor",,FALSE,~
~,~,~,~,EQUIPMENT,ENTER MODEL NUMBER HERE,,FALSE,~,CANVAS,ENTER DIMENSIONS HERE,,FALSE,~,GENERAL MATERIALS,32x32x8 H/P PAD,,FALSE,~,"1-1/2"" HDPE","1-1/2"" HDPE Tee",,FALSE,~
~,~,~,~,EQUIPMENT,ENTER MODEL NUMBER HERE,,FALSE,~,CANVAS,ENTER DIMENSIONS HERE,,FALSE,~,GENERAL MATERIALS,36x36x2 Condenser Pad,,FALSE,~,"1-1/2"" HDPE","1-1/2"" x 1"" HDPE Tee",,FALSE,~
~,~,~,~,EQUIPMENT,ENTER MODEL NUMBER HERE,,FALSE,~,SPECIFIC DUCT FITTINGS,ENTER DIMENSIONS HERE,,FALSE,~,GENERAL MATERIALS,36x36x8 H/P PAD,,FALSE,~,"1-1/2"" HDPE","1-1/2"" x 1"" x 1"" HDPE Tee",,FALSE,~
~,SEARCH TOOL,,~,EQUIPMENT,ENTER MODEL NUMBER HERE,,FALSE,~,SPECIFIC DUCT FITTINGS,ENTER DIMENSIONS HERE,,FALSE,~,GENERAL MATERIALS,"1/2"" Whip",,FALSE,~,"1-1/2"" HDPE","1-1/2"" x 1-1/4"" HDPE Tee",,FALSE,~
~,,,~,EQUIPMENT,ENTER MODEL NUMBER HERE,,FALSE,~,SPECIFIC DUCT FITTINGS,ENTER DIMENSIONS HERE,,FALSE,~,GENERAL MATERIALS,"3/4"" Whip",,FALSE,~,"1-1/2"" HDPE","1-1/2"" x 1-1/4"" x 1-1/4"" HDPE Tee",,FALSE,~
~,MATERIAL NAME,,~,EQUIPMENT,ENTER MODEL NUMBER HERE,,FALSE,~,SPECIFIC DUCT FITTINGS,ENTER DIMENSIONS HERE,,FALSE,~,GENERAL MATERIALS,Disconnect,,FALSE,~,"1-1/2"" HDPE","1-1/2"" x 1"" HDPE Reducer",,FALSE,~
~,,,~,EQUIPMENT,ENTER MODEL NUMBER HERE,,FALSE,~,SPECIFIC DUCT FITTINGS,ENTER DIMENSIONS HERE,,FALSE,~,GENERAL MATERIALS,Drain Pan,,FALSE,~,"1-1/2"" HDPE","1-1/2"" x 1-1/4"" HDPE Reducer",,FALSE,~
~,FITTING NAME,,~,EQUIPMENT,ENTER MODEL NUMBER HERE,,FALSE,~,SPECIFIC DUCT FITTINGS,ENTER DIMENSIONS HERE,,FALSE,~,GENERAL MATERIALS,EZ-Trap,,FALSE,~,"1-1/2"" HDPE","1-1/2"" HDPE Cap",,FALSE,~
~,,,~,EQUIPMENT,ENTER MODEL NUMBER HERE,,FALSE,~,SPECIFIC DUCT FITTINGS,ENTER DIMENSIONS HERE,,FALSE,~,GENERAL MATERIALS,Pan Switch,,FALSE,~,~,~,~,~,~
~,CHOSEN ITEM,No Selection,~,EQUIPMENT,ENTER MODEL NUMBER HERE,,FALSE,~,SPECIFIC DUCT FITTINGS,ENTER DIMENSIONS HERE,,FALSE,~,GENERAL MATERIALS,R4 Bubble Wrap,,FALSE,~,"2"" HDPE","2"" HDPE 20' Pipe",,FALSE,~
~,,,~,EQUIPMENT,ENTER MODEL NUMBER HERE,,FALSE,~,SPECIFIC DUCT FITTINGS,ENTER DIMENSIONS HERE,,FALSE,~,GENERAL MATERIALS,R8 Bubble Wrap,,FALSE,~,"2"" HDPE","2"" HDPE 90",,FALSE,~
~,QUANTITY NEEDED,,~,EQUIPMENT,ENTER MODEL NUMBER HERE,,FALSE,~,SPECIFIC DUCT FITTINGS,ENTER DIMENSIONS HERE,,FALSE,~,GENERAL MATERIALS,18/2 Thermostat Wire,,FALSE,~,"2"" HDPE","2"" HDPE Coupling",,FALSE,~
~,,,~,EQUIPMENT,ENTER MODEL NUMBER HERE,,FALSE,~,SPECIALIZED DUCT WITH DRAWING,ENTER DIMENSIONS HERE,,FALSE,~,GENERAL MATERIALS,18/3 Thermostat Wire,,FALSE,~,"2"" HDPE","2"" HDPE 45",,FALSE,~
~,~,~,~,EQUIPMENT,ENTER MODEL NUMBER HERE,,FALSE,~,SPECIALIZED DUCT WITH DRAWING,ENTER DIMENSIONS HERE,,FALSE,~,GENERAL MATERIALS,18/4 Thermostat Wire,,FALSE,~,"2"" HDPE","2"" HDPE Male Adaptor",,FALSE,~
~,~,~,~,EQUIPMENT,ENTER MODEL NUMBER HERE,,FALSE,~,SPECIALIZED DUCT WITH DRAWING,ENTER DIMENSIONS HERE,,FALSE,~,GENERAL MATERIALS,18/6 Thermostat Wire,,FALSE,~,"2"" HDPE","2"" HDPE Female Adaptor",,FALSE,~
~,~,~,~,EQUIPMENT,ENTER MODEL NUMBER HERE,,FALSE,~,SPECIALIZED DUCT WITH DRAWING,ENTER DIMENSIONS HERE,,FALSE,~,GENERAL MATERIALS,18/8 Thermostat Wire,,FALSE,~,"2"" HDPE","2"" HDPE Tee",,FALSE,~
~,~,~,~,EQUIPMENT,ENTER MODEL NUMBER HERE,,FALSE,~,SPECIALIZED DUCT WITH DRAWING,ENTER DIMENSIONS HERE,,FALSE,~,GENERAL MATERIALS,14/4 Black Wire,,FALSE,~,"2"" HDPE","2"" x 1"" HDPE Tee",,FALSE,~
~,~,~,~,EQUIPMENT,ENTER MODEL NUMBER HERE,,FALSE,~,SPECIALIZED DUCT WITH DRAWING,ENTER DIMENSIONS HERE,,FALSE,~,GENERAL MATERIALS,16/2 White Sheilded Cable,,FALSE,~,"2"" HDPE","2"" x 1"" x 1"" HDPE Tee",,FALSE,~
~,~,~,~,EQUIPMENT,ENTER MODEL NUMBER HERE,,FALSE,~,SPECIALIZED DUCT WITH DRAWING,ENTER DIMENSIONS HERE,,FALSE,~,GENERAL MATERIALS,115V Low Profile Condensate Pump,,FALSE,~,"2"" HDPE","2"" x 1-1/4"" HDPE Tee",,FALSE,~
~,~,~,~,EQUIPMENT,ENTER MODEL NUMBER HERE,,FALSE,~,SPECIALIZED DUCT WITH DRAWING,ENTER DIMENSIONS HERE,,FALSE,~,GENERAL MATERIALS,115V Condensate Pump,,FALSE,~,"2"" HDPE","2"" x 1-1/4"" x 1-1/4"" HDPE Tee",,FALSE,~
~,~,~,~,EQUIPMENT,ENTER MODEL NUMBER HERE,,FALSE,~,SPECIALIZED DUCT WITH DRAWING,ENTER DIMENSIONS HERE,,FALSE,~,GENERAL MATERIALS,230V Low Profile Condensate Pump,,FALSE,~,"2"" HDPE","2"" x 1-1/2"" HDPE Tee",,FALSE,~
~,~,~,~,~,~,~,~,~,~,~,~,~,~,GENERAL MATERIALS,230V Condensate Pump,,FALSE,~,"2"" HDPE","2"" x 1-1/2"" x 1-1/2"" HDPE Tee",,FALSE,~
~,~,~,~,~,~,~,~,~,~,~,~,~,~,~,~,~,~,~,"2"" HDPE","2"" x 1-1/2"" x 1-1/4"" HDPE Tee",,FALSE,~
~,~,~,~,~,~,~,~,~,~,~,~,~,~,SPECIFIC MATERIALS,NAME AND MODEL NUMBER OR DIMENSIONS,,FALSE,~,"2"" HDPE","2"" x 1-1/4"" x 1-1/2"" HDPE Tee",,FALSE,~
~,~,~,~,~,~,~,~,~,~,~,~,~,~,SPECIFIC MATERIALS,NAME AND MODEL NUMBER OR DIMENSIONS,,FALSE,~,"2"" HDPE","2"" x 1"" HDPE Reducer",,FALSE,~
~,~,~,~,~,~,~,~,~,~,~,~,~,~,SPECIFIC MATERIALS,NAME AND MODEL NUMBER OR DIMENSIONS,,FALSE,~,"2"" HDPE","2"" x 1-1/4"" HDPE Reducer",,FALSE,~
~,~,~,~,~,~,~,~,~,~,~,~,~,~,SPECIFIC MATERIALS,NAME AND MODEL NUMBER OR DIMENSIONS,,FALSE,~,"2"" HDPE","2"" x 1-1/2"" HDPE Reducer",,FALSE,~
~,~,~,~,~,~,~,~,~,~,~,~,~,~,SPECIFIC MATERIALS,NAME AND MODEL NUMBER OR DIMENSIONS,,FALSE,~,"2"" HDPE","2"" HDPE Cap",,FALSE,~
~,~,~,~,~,~,~,~,~,~,~,~,~,~,SPECIFIC MATERIALS,NAME AND MODEL NUMBER OR DIMENSIONS,,FALSE,~,~,~,~,~,~
~,~,~,~,~,~,~,~,~,~,~,~,~,~,SPECIFIC MATERIALS,NAME AND MODEL NUMBER OR DIMENSIONS,,FALSE,~,MISCELANEOUS GEO,"1"" Braided Hose",,FALSE,~
~,~,~,~,~,~,~,~,~,~,~,~,~,~,SPECIFIC MATERIALS,NAME AND MODEL NUMBER OR DIMENSIONS,,FALSE,~,MISCELANEOUS GEO,"1"" Hose Barb x Male Adapters",,FALSE,~
~,~,~,~,~,~,~,~,~,~,~,~,~,~,SPECIFIC MATERIALS,NAME AND MODEL NUMBER OR DIMENSIONS,,FALSE,~,MISCELANEOUS GEO,"Brass 1"" MPT X 1"" Barb 90 Elbow W/ PT",,FALSE,~
~,~,~,~,~,~,~,~,~,~,~,~,~,~,SPECIFIC MATERIALS,NAME AND MODEL NUMBER OR DIMENSIONS,,FALSE,~,~,~,~,~,~
~,~,~,~,~,~,~,~,~,~,~,~,~,~,SPECIFIC MATERIALS,NAME AND MODEL NUMBER OR DIMENSIONS,,FALSE,~,"1/2"" BRASS","1/2"" Brass Threaded Ball Valve",,FALSE,~
~,~,~,~,~,~,~,~,~,~,~,~,~,~,SPECIFIC MATERIALS,NAME AND MODEL NUMBER OR DIMENSIONS,,FALSE,~,"1/2"" BRASS","1/2"" Brass Coupling",,FALSE,~
~,~,~,~,~,~,~,~,~,~,~,~,~,~,SPECIFIC MATERIALS,NAME AND MODEL NUMBER OR DIMENSIONS,,FALSE,~,"1/2"" BRASS","1/2"" Brass 90",,FALSE,~
~,~,~,~,~,~,~,~,~,~,~,~,~,~,SPECIFIC MATERIALS,NAME AND MODEL NUMBER OR DIMENSIONS,,FALSE,~,"1/2"" BRASS","1/2"" Brass Street 90",,FALSE,~
~,~,~,~,~,~,~,~,~,~,~,~,~,~,SPECIFIC MATERIALS,NAME AND MODEL NUMBER OR DIMENSIONS,,FALSE,~,"1/2"" BRASS","1/2"" Brass 45",,FALSE,~
~,~,~,~,~,~,~,~,~,~,~,~,~,~,SPECIFIC MATERIALS,NAME AND MODEL NUMBER OR DIMENSIONS,,FALSE,~,"1/2"" BRASS","1/2"" Brass Street 45",,FALSE,~
~,~,~,~,~,~,~,~,~,~,~,~,~,~,SPECIFIC MATERIALS,NAME AND MODEL NUMBER OR DIMENSIONS,,FALSE,~,"1/2"" BRASS","1/2"" Brass Tee",,FALSE,~
~,~,~,~,~,~,~,~,~,~,~,~,~,~,SPECIFIC MATERIALS,NAME AND MODEL NUMBER OR DIMENSIONS,,FALSE,~,"1/2"" BRASS","1/2"" Brass Union",,FALSE,~
~,~,~,~,~,~,~,~,~,~,~,~,~,~,SPECIFIC MATERIALS,NAME AND MODEL NUMBER OR DIMENSIONS,,FALSE,~,"1/2"" BRASS","1/2"" Brass Cap",,FALSE,~
~,~,~,~,~,~,~,~,~,~,~,~,~,~,SPECIFIC MATERIALS,NAME AND MODEL NUMBER OR DIMENSIONS,,FALSE,~,"1/2"" BRASS","1/2"" Brass Plug",,FALSE,~
~,~,~,~,~,~,~,~,~,~,~,~,~,~,SPECIFIC MATERIALS,NAME AND MODEL NUMBER OR DIMENSIONS,,FALSE,~,"1/2"" BRASS","1/2"" x Closed Brass Nipple",,FALSE,~
~,~,~,~,~,~,~,~,~,~,~,~,~,~,SPECIFIC MATERIALS,NAME AND MODEL NUMBER OR DIMENSIONS,,FALSE,~,"1/2"" BRASS","1/2"" x 1-1/2"" Brass Nipple",,FALSE,~
~,~,~,~,~,~,~,~,~,~,~,~,~,~,SPECIFIC MATERIALS,NAME AND MODEL NUMBER OR DIMENSIONS,,FALSE,~,"1/2"" BRASS","1/2"" x 2"" Brass Nipple",,FALSE,~
~,~,~,~,~,~,~,~,~,~,~,~,~,~,SPECIFIC MATERIALS,NAME AND MODEL NUMBER OR DIMENSIONS,,FALSE,~,"1/2"" BRASS","1/2"" x 2-1/2"" Brass Nipple",,FALSE,~
~,~,~,~,~,~,~,~,~,~,~,~,~,~,SPECIFIC MATERIALS,NAME AND MODEL NUMBER OR DIMENSIONS,,FALSE,~,"1/2"" BRASS","1/2"" x 3"" Brass Nipple",,FALSE,~
~,~,~,~,~,~,~,~,~,~,~,~,~,~,SPECIFIC MATERIALS,NAME AND MODEL NUMBER OR DIMENSIONS,,FALSE,~,"1/2"" BRASS","1/2"" x 3-1/2"" Brass Nipple",,FALSE,~
~,~,~,~,~,~,~,~,~,~,~,~,~,~,SPECIFIC MATERIALS,NAME AND MODEL NUMBER OR DIMENSIONS,,FALSE,~,"1/2"" BRASS","1/2"" x 4"" Brass Nipple",,FALSE,~
~,~,~,~,~,~,~,~,~,~,~,~,~,~,SPECIFIC MATERIALS,NAME AND MODEL NUMBER OR DIMENSIONS,,FALSE,~,"1/2"" BRASS","1/2"" x 4-1/2"" Brass Nipple",,FALSE,~
~,~,~,~,~,~,~,~,~,~,~,~,~,~,SPECIFIC MATERIALS,NAME AND MODEL NUMBER OR DIMENSIONS,,FALSE,~,"1/2"" BRASS","1/2"" x 5"" Brass Nipple",,FALSE,~
~,~,~,~,~,~,~,~,~,~,~,~,~,~,SPECIFIC MATERIALS,NAME AND MODEL NUMBER OR DIMENSIONS,,FALSE,~,"1/2"" BRASS","1/2"" x 5-1/2"" Brass Nipple",,FALSE,~
~,~,~,~,~,~,~,~,~,~,~,~,~,~,SPECIFIC MATERIALS,NAME AND MODEL NUMBER OR DIMENSIONS,,FALSE,~,"1/2"" BRASS","1/2"" x 6"" Brass Nipple",,FALSE,~
~,~,~,~,~,~,~,~,~,~,~,~,~,~,SPECIFIC MATERIALS,NAME AND MODEL NUMBER OR DIMENSIONS,,FALSE,~,"1/2"" BRASS","1/2"" x 8"" Brass Nipple",,FALSE,~
~,~,~,~,~,~,~,~,~,~,~,~,~,~,SPECIFIC MATERIALS,NAME AND MODEL NUMBER OR DIMENSIONS,,FALSE,~,"1/2"" BRASS","1/2"" x 10"" Brass Nipple",,FALSE,~
~,~,~,~,~,~,~,~,~,~,~,~,~,~,SPECIFIC MATERIALS,NAME AND MODEL NUMBER OR DIMENSIONS,,FALSE,~,"1/2"" BRASS","1/2"" x 12"" Brass Nipple",,FALSE,~
~,~,~,~,~,~,~,~,~,~,~,~,~,~,SPECIFIC MATERIALS,NAME AND MODEL NUMBER OR DIMENSIONS,,FALSE,~,"1/2"" BRASS","1/2"" Brass Run of Nipples",,FALSE,~
~,~,~,~,~,~,~,~,~,~,~,~,~,~,SPECIFIC MATERIALS,NAME AND MODEL NUMBER OR DIMENSIONS,,FALSE,~,~,~,~,~,~
~,~,~,~,~,~,~,~,~,~,~,~,~,~,SPECIFIC MATERIALS,NAME AND MODEL NUMBER OR DIMENSIONS,,FALSE,~,PT PLUG,"1/2"" Brass PT Plug",,FALSE,~
~,~,~,~,~,~,~,~,~,~,~,~,~,~,SPECIFIC MATERIALS,NAME AND MODEL NUMBER OR DIMENSIONS,,FALSE,~,PT PLUG,"1/4"" Brass PT Plug",,FALSE,~
~,~,~,~,~,~,~,~,~,~,~,~,~,~,SPECIFIC MATERIALS,NAME AND MODEL NUMBER OR DIMENSIONS,,FALSE,~,~,~,~,~,~
~,~,~,~,~,~,~,~,~,~,~,~,~,~,SPECIFIC MATERIALS,NAME AND MODEL NUMBER OR DIMENSIONS,,FALSE,~,"3/4"" BRASS","3/4"" Brass Threaded Ball Valve",,FALSE,~
~,~,~,~,~,~,~,~,~,~,~,~,~,~,SPECIFIC MATERIALS,NAME AND MODEL NUMBER OR DIMENSIONS,,FALSE,~,"3/4"" BRASS","3/4"" Brass Coupling",,FALSE,~
~,~,~,~,~,~,~,~,~,~,~,~,~,~,SPECIFIC MATERIALS,NAME AND MODEL NUMBER OR DIMENSIONS,,FALSE,~,"3/4"" BRASS","3/4"" Brass 90",,FALSE,~
~,~,~,~,~,~,~,~,~,~,~,~,~,~,SPECIFIC MATERIALS,NAME AND MODEL NUMBER OR DIMENSIONS,,FALSE,~,"3/4"" BRASS","3/4"" Brass Street 90",,FALSE,~
~,~,~,~,~,~,~,~,~,~,~,~,~,~,SPECIFIC MATERIALS,NAME AND MODEL NUMBER OR DIMENSIONS,,FALSE,~,"3/4"" BRASS","3/4"" Brass 45",,FALSE,~
~,~,~,~,~,~,~,~,~,~,~,~,~,~,SPECIFIC MATERIALS,NAME AND MODEL NUMBER OR DIMENSIONS,,FALSE,~,"3/4"" BRASS","3/4"" Brass Street 45",,FALSE,~
~,~,~,~,~,~,~,~,~,~,~,~,~,~,~,~,~,~,~,"3/4"" BRASS","3/4"" Brass Tee",,FALSE,~
~,~,~,~,~,~,~,~,~,~,~,~,~,~,THERMOSTATS,T4 Pro Thermostat 1H/1C,,FALSE,~,"3/4"" BRASS","3/4"" Brass Union",,FALSE,~
~,~,~,~,~,~,~,~,~,~,~,~,~,~,THERMOSTATS,T4 Pro Thermostat 2H/1C (Heat Pump),,FALSE,~,"3/4"" BRASS","3/4"" Brass Cap",,FALSE,~
~,~,~,~,~,~,~,~,~,~,~,~,~,~,THERMOSTATS,T6 Pro Smart Thermostat 2H/1C,,FALSE,~,"3/4"" BRASS","3/4"" Brass Plug",,FALSE,~
~,~,~,~,~,~,~,~,~,~,~,~,~,~,THERMOSTATS,T6 Pro Smart Thermostat 3H/2C,,FALSE,~,"3/4"" BRASS","3/4"" x 1/2"" Brass Reducing Coupling",,FALSE,~
~,~,~,~,~,~,~,~,~,~,~,~,~,~,THERMOSTATS,MHK2 ,,FALSE,~,"3/4"" BRASS","3/4"" x 1/2"" Brass Reducing Bushing",,FALSE,~
~,~,~,~,~,~,~,~,~,~,~,~,~,~,THERMOSTATS,T10+ Pro Smart Thermostat w/ RedLINK 3.0,,FALSE,~,"3/4"" BRASS","3/4"" x Closed Brass Nipple",,FALSE,~
~,~,~,~,~,~,~,~,~,~,~,~,~,~,THERMOSTATS,T10+ Equipment Interface Module (NEEDED FOR T10+),,FALSE,~,"3/4"" BRASS","3/4"" x 1 1/2"" Brass Nipple",,FALSE,~
~,~,~,~,~,~,~,~,~,~,~,~,~,~,THERMOSTATS,Honeywell Outdoor ERM,,FALSE,~,"3/4"" BRASS","3/4"" x 2"" Brass Nipple",,FALSE,~
~,~,~,~,~,~,~,~,~,~,~,~,~,~,THERMOSTATS,Google Nest Thermostat (1 Heat),,FALSE,~,"3/4"" BRASS","3/4"" x 2 1/2"" Brass Nipple",,FALSE,~
~,~,~,~,~,~,~,~,~,~,~,~,~,~,THERMOSTATS,Google Nest Thermostat (2 Heat),,FALSE,~,"3/4"" BRASS","3/4"" x 3"" Brass Nipple",,FALSE,~
~,~,~,~,~,~,~,~,~,~,~,~,~,~,THERMOSTATS,Fast Stat 9000,,FALSE,~,"3/4"" BRASS","3/4"" x 3 1/2"" Brass Nipple",,FALSE,~
~,~,~,~,~,~,~,~,~,~,~,~,~,~,~,~,~,~,~,"3/4"" BRASS","3/4"" x 4"" Brass Nipple",,FALSE,~
~,~,~,~,~,~,~,~,~,~,~,~,~,~,ZONE PANELS,Honeywell HZ432K (4-Zone) (3H/2C),,FALSE,~,"3/4"" BRASS","3/4"" x 4 1/2"" Brass Nipple",,FALSE,~
~,~,~,~,~,~,~,~,~,~,~,~,~,~,ZONE PANELS,Honeywell HZ322K (3-Zone) (2H/2C),,FALSE,~,"3/4"" BRASS","3/4"" x 5"" Brass Nipple",,FALSE,~
~,~,~,~,~,~,~,~,~,~,~,~,~,~,ZONE PANELS,Honeywell HZ311K (3-Zone) (1H/1C),,FALSE,~,"3/4"" BRASS","3/4"" x 5 1/2"" Brass Nipple",,FALSE,~
~,~,~,~,~,~,~,~,~,~,~,~,~,~,~,~,~,~,~,"3/4"" BRASS","3/4"" x 6"" Brass Nipple",,FALSE,~
~,~,~,~,~,~,~,~,~,~,~,~,~,~,STANDARD LINESETS,"3/8""x5/8""x1/2"" 50' STD BLK FLX",,FALSE,~,"3/4"" BRASS","3/4"" x 8"" Brass Nipple",,FALSE,~
~,~,~,~,~,~,~,~,~,~,~,~,~,~,STANDARD LINESETS,"3/8""x3/4""x1/2"" 50' STD BLK FLX",,FALSE,~,"3/4"" BRASS","3/4"" x 10"" Brass Nipple",,FALSE,~
~,~,~,~,~,~,~,~,~,~,~,~,~,~,STANDARD LINESETS,"3/8""x7/8""x1/2"" 50' STD BLK FLX",,FALSE,~,"3/4"" BRASS","3/4"" x 12"" Brass Nipple",,FALSE,~
~,~,~,~,~,~,~,~,~,~,~,~,~,~,~,~,~,~,~,"3/4"" BRASS","3/4"" Brass Run of Nipples",,FALSE,~
~,~,~,~,~,~,~,~,~,~,~,~,~,~,DUCTLESS LINESET,"1/4""x3/8""x1/2"" 50' PE MINI BLK FLX",,FALSE,~,~,~,~,~,~
~,~,~,~,~,~,~,~,~,~,~,~,~,~,DUCTLESS LINESET,"1/4""x1/2""x1/2"" 50' PE MINI BLK FLX",,FALSE,~,"1"" BRASS","1"" Brass Threaded Ball Valve",,FALSE,~
~,~,~,~,~,~,~,~,~,~,~,~,~,~,DUCTLESS LINESET,"3/8""x5/8""x1/2"" 50' PE MINI BLK FLX",,FALSE,~,"1"" BRASS","1"" Brass Coupling",,FALSE,~
~,~,~,~,~,~,~,~,~,~,~,~,~,~,~,~,~,~,~,"1"" BRASS","1"" Brass 90",,FALSE,~
~,~,~,~,~,~,~,~,~,~,~,~,~,~,LINE HIDE,6.5' Length White Line Hide SD100,,FALSE,~,"1"" BRASS","1"" Brass Street 90",,FALSE,~
~,~,~,~,~,~,~,~,~,~,~,~,~,~,LINE HIDE,6.5' Length White Line Hide SD144,,FALSE,~,"1"" BRASS","1"" Brass 45",,FALSE,~
~,~,~,~,~,~,~,~,~,~,~,~,~,~,LINE HIDE,6.5' Length Brown Line Hide SD100,,FALSE,~,"1"" BRASS","1"" Brass Street 45",,FALSE,~
~,~,~,~,~,~,~,~,~,~,~,~,~,~,LINE HIDE,6.5' Length Brown Line Hide SD144,,FALSE,~,"1"" BRASS","1"" Brass Tee",,FALSE,~
~,~,~,~,~,~,~,~,~,~,~,~,~,~,LINE HIDE,6.5' Length Beige Line Hide SD100,,FALSE,~,"1"" BRASS","1"" Brass Union",,FALSE,~
~,~,~,~,~,~,~,~,~,~,~,~,~,~,LINE HIDE,6.5' Length Beige Line Hide SD144,,FALSE,~,"1"" BRASS","1"" Brass Cap",,FALSE,~
~,~,~,~,~,~,~,~,~,~,~,~,~,~,LINE HIDE,Wall Inlet (White) SD100,,FALSE,~,"1"" BRASS","1"" Brass Plug",,FALSE,~
~,~,~,~,~,~,~,~,~,~,~,~,~,~,LINE HIDE,Soffit Inlet (White) SD100,,FALSE,~,"1"" BRASS","1"" x 1/2"" Brass Reducing Coupling",,FALSE,~
~,~,~,~,~,~,~,~,~,~,~,~,~,~,LINE HIDE,Offset (White) SD100,,FALSE,~,"1"" BRASS","1"" x 1/2"" Brass Reducing Bushing",,FALSE,~
~,~,~,~,~,~,~,~,~,~,~,~,~,~,LINE HIDE,Flat 90 Elbow (White) SD100,,FALSE,~,"1"" BRASS","1"" x 3/4"" Brass Reducing Coupling",,FALSE,~
~,~,~,~,~,~,~,~,~,~,~,~,~,~,LINE HIDE,Vertical 90 Elbow (White) SD100,,FALSE,~,"1"" BRASS","1"" x 3/4"" Brass Reducing Bushing",,FALSE,~
~,~,~,~,~,~,~,~,~,~,~,~,~,~,LINE HIDE,Couplings (White) SD100,,FALSE,~,"1"" BRASS","1"" x Closed Brass Nipple",,FALSE,~
~,~,~,~,~,~,~,~,~,~,~,~,~,~,LINE HIDE,Wall Inlet (Brown) SD100,,FALSE,~,"1"" BRASS","1"" x Shoulder Brass Nipple",,FALSE,~
~,~,~,~,~,~,~,~,~,~,~,~,~,~,LINE HIDE,Soffit Inlet (Brown) SD100,,FALSE,~,"1"" BRASS","1"" x 2"" Brass Nipple",,FALSE,~
~,~,~,~,~,~,~,~,~,~,~,~,~,~,LINE HIDE,Offset (Brown) SD100,,FALSE,~,"1"" BRASS","1"" x 2 1/2"" Brass Nipple",,FALSE,~
~,~,~,~,~,~,~,~,~,~,~,~,~,~,LINE HIDE,Flat 90 Elbow (Brown) SD100,,FALSE,~,"1"" BRASS","1"" x 3"" Brass Nipple",,FALSE,~
~,~,~,~,~,~,~,~,~,~,~,~,~,~,LINE HIDE,Vertical 90 Elbow (Brown) SD100,,FALSE,~,"1"" BRASS","1"" x 3 1/2"" Brass Nipple",,FALSE,~
~,~,~,~,~,~,~,~,~,~,~,~,~,~,LINE HIDE,Couplings (Brown) SD100,,FALSE,~,"1"" BRASS","1"" x 4"" Brass Nipple",,FALSE,~
~,~,~,~,~,~,~,~,~,~,~,~,~,~,LINE HIDE,Wall Inlet (Beige) SD100,,FALSE,~,"1"" BRASS","1"" x 4 1/2"" Brass Nipple",,FALSE,~
~,~,~,~,~,~,~,~,~,~,~,~,~,~,LINE HIDE,Soffit Inlet (Beige) SD100,,FALSE,~,"1"" BRASS","1"" x 5"" Brass Nipple",,FALSE,~
~,~,~,~,~,~,~,~,~,~,~,~,~,~,LINE HIDE,Offset (Beige) SD100,,FALSE,~,"1"" BRASS","1"" x 5 1/2"" Brass Nipple",,FALSE,~
~,~,~,~,~,~,~,~,~,~,~,~,~,~,LINE HIDE,Flat 90 Elbow (Beige) SD100,,FALSE,~,"1"" BRASS","1"" x 6"" Brass Nipple",,FALSE,~
~,~,~,~,~,~,~,~,~,~,~,~,~,~,LINE HIDE,Vertical 90 Elbow (Beige) SD100,,FALSE,~,"1"" BRASS","1"" x 8"" Brass Nipple",,FALSE,~
~,~,~,~,~,~,~,~,~,~,~,~,~,~,LINE HIDE,Couplings (Beige) SD100,,FALSE,~,"1"" BRASS","1"" x 10"" Brass Nipple",,FALSE,~
~,~,~,~,~,~,~,~,~,~,~,~,~,~,LINE HIDE,Wall Inlet (White) SD140,,FALSE,~,"1"" BRASS","1"" x 12"" Brass Nipple",,FALSE,~
~,~,~,~,~,~,~,~,~,~,~,~,~,~,LINE HIDE,Soffit Inlet (White) SD140,,FALSE,~,"1"" BRASS","1"" Brass Run of Nipples",,FALSE,~
~,~,~,~,~,~,~,~,~,~,~,~,~,~,LINE HIDE,Offset (White) SD140,,FALSE,~,~,~,~,~,~
~,~,~,~,~,~,~,~,~,~,~,~,~,~,LINE HIDE,Flat 90 Elbow (White) SD140,,FALSE,~,"1-1/4"" BRASS","1-1/4"" Brass Threaded Ball Valve",,FALSE,~
~,~,~,~,~,~,~,~,~,~,~,~,~,~,LINE HIDE,Vertical 90 Elbow (White) SD140,,FALSE,~,"1-1/4"" BRASS","1-1/4"" Brass Coupling",,FALSE,~
~,~,~,~,~,~,~,~,~,~,~,~,~,~,LINE HIDE,Couplings (White) SD140,,FALSE,~,"1-1/4"" BRASS","1-1/4"" Brass 90",,FALSE,~
~,~,~,~,~,~,~,~,~,~,~,~,~,~,LINE HIDE,Wall Inlet (Brown) SD140,,FALSE,~,"1-1/4"" BRASS","1-1/4"" Brass Street 90",,FALSE,~
~,~,~,~,~,~,~,~,~,~,~,~,~,~,LINE HIDE,Soffit Inlet (Brown) SD140,,FALSE,~,"1-1/4"" BRASS","1-1/4"" Brass 45",,FALSE,~
~,~,~,~,~,~,~,~,~,~,~,~,~,~,LINE HIDE,Offset (Brown) SD140,,FALSE,~,"1-1/4"" BRASS","1-1/4"" Brass Street 45",,FALSE,~
~,~,~,~,~,~,~,~,~,~,~,~,~,~,LINE HIDE,Flat 90 Elbow (Brown) SD140,,FALSE,~,"1-1/4"" BRASS","1-1/4"" Brass Tee",,FALSE,~
~,~,~,~,~,~,~,~,~,~,~,~,~,~,LINE HIDE,Vertical 90 Elbow (Brown) SD140,,FALSE,~,"1-1/4"" BRASS","1-1/4"" Brass Union",,FALSE,~
~,~,~,~,~,~,~,~,~,~,~,~,~,~,LINE HIDE,Couplings (Brown) SD140,,FALSE,~,"1-1/4"" BRASS","1-1/4"" Brass Cap",,FALSE,~
~,~,~,~,~,~,~,~,~,~,~,~,~,~,LINE HIDE,Wall Inlet (Beige) SD140,,FALSE,~,"1-1/4"" BRASS","1-1/4"" Brass Plug",,FALSE,~
~,~,~,~,~,~,~,~,~,~,~,~,~,~,LINE HIDE,Soffit Inlet (Beige) SD140,,FALSE,~,"1-1/4"" BRASS","1-1/4"" x 1/2"" Brass Reducing Coupling",,FALSE,~
~,~,~,~,~,~,~,~,~,~,~,~,~,~,LINE HIDE,Offset (Beige) SD140,,FALSE,~,"1-1/4"" BRASS","1-1/4"" x 1/2"" Brass Reducing Bushing",,FALSE,~
~,~,~,~,~,~,~,~,~,~,~,~,~,~,LINE HIDE,Flat 90 Elbow (Beige) SD140,,FALSE,~,"1-1/4"" BRASS","1-1/4"" x 3/4"" Brass Reducing Coupling",,FALSE,~
~,~,~,~,~,~,~,~,~,~,~,~,~,~,LINE HIDE,Vertical 90 Elbow (Beige) SD140,,FALSE,~,"1-1/4"" BRASS","1-1/4"" x 3/4"" Brass Reducing Bushing",,FALSE,~
~,~,~,~,~,~,~,~,~,~,~,~,~,~,LINE HIDE,Couplings (Beige) SD140,,FALSE,~,"1-1/4"" BRASS","1-1/4"" x 1"" Brass Reducing Coupling",,FALSE,~
~,~,~,~,~,~,~,~,~,~,~,~,~,~,~,~,~,~,~,"1-1/4"" BRASS","1-1/4"" x 1"" Brass Reducing Bushing",,FALSE,~
~,~,~,~,~,~,~,~,~,~,~,~,~,~,LEADER PIPE,White Leader Pipe ,,FALSE,~,"1-1/4"" BRASS","1-1/4"" x Closed Brass Nipple",,FALSE,~
~,~,~,~,~,~,~,~,~,~,~,~,~,~,LEADER PIPE,Brown Leader Pipe,,FALSE,~,"1-1/4"" BRASS","1-1/4"" x Shoulder Brass Nipple",,FALSE,~
~,~,~,~,~,~,~,~,~,~,~,~,~,~,LEADER PIPE,White Leader Straps,,FALSE,~,"1-1/4"" BRASS","1-1/4"" x 2"" Brass Nipple",,FALSE,~
~,~,~,~,~,~,~,~,~,~,~,~,~,~,LEADER PIPE,Brown Leader Straps,,FALSE,~,"1-1/4"" BRASS","1-1/4"" x 2 1/2"" Brass Nipple",,FALSE,~
~,~,~,~,~,~,~,~,~,~,~,~,~,~,~,~,~,~,~,"1-1/4"" BRASS","1-1/4"" x 3"" Brass Nipple",,FALSE,~
~,~,~,~,~,~,~,~,~,~,~,~,~,~,DRAIN PIPE,3/4 PVC Pipe 10' Length,,FALSE,~,"1-1/4"" BRASS","1-1/4"" x 3 1/2"" Brass Nipple",,FALSE,~
~,~,~,~,~,~,~,~,~,~,~,~,~,~,DRAIN PIPE,Corrugated Ductless Tubing (Linear Feet),,FALSE,~,"1-1/4"" BRASS","1-1/4"" x 4"" Brass Nipple",,FALSE,~
~,~,~,~,~,~,~,~,~,~,~,~,~,~,DRAIN PIPE,3/8 Poly Vinyl Tubing (Linear Feet),,FALSE,~,"1-1/4"" BRASS","1-1/4"" x 4 1/2"" Brass Nipple",,FALSE,~
~,~,~,~,~,~,~,~,~,~,~,~,~,~,~,~,~,~,~,"1-1/4"" BRASS","1-1/4"" x 5"" Brass Nipple",,FALSE,~
~,~,~,~,~,~,~,~,~,~,~,~,~,~,BOILER / HWH MATERIAL,ST-5 Expansion Tank,,FALSE,~,"1-1/4"" BRASS","1-1/4"" x 5 1/2"" Brass Nipple",,FALSE,~
~,~,~,~,~,~,~,~,~,~,~,~,~,~,BOILER / HWH MATERIAL,ST-12 Expansion Tank,,FALSE,~,"1-1/4"" BRASS","1-1/4"" x 6"" Brass Nipple",,FALSE,~
~,~,~,~,~,~,~,~,~,~,~,~,~,~,BOILER / HWH MATERIAL,EX-15 Expansion Tank,,FALSE,~,"1-1/4"" BRASS","1-1/4"" x 8"" Brass Nipple",,FALSE,~
~,~,~,~,~,~,~,~,~,~,~,~,~,~,BOILER / HWH MATERIAL,EX-30 Expansion Tank,,FALSE,~,"1-1/4"" BRASS","1-1/4"" x 10"" Brass Nipple",,FALSE,~
~,~,~,~,~,~,~,~,~,~,~,~,~,~,BOILER / HWH MATERIAL,EX-60 Expansion Tank,,FALSE,~,"1-1/4"" BRASS","1-1/4"" x 12"" Brass Nipple",,FALSE,~
~,~,~,~,~,~,~,~,~,~,~,~,~,~,BOILER / HWH MATERIAL,Feeder Back Flow Combo,,FALSE,~,~,~,~,~,~
~,~,~,~,~,~,~,~,~,~,~,~,~,~,BOILER / HWH MATERIAL,115V Low Water Cut Off,,FALSE,~,"1-1/2"" BRASS","1-1/2"" Brass Threaded Ball Valve",,FALSE,~
~,~,~,~,~,~,~,~,~,~,~,~,~,~,BOILER / HWH MATERIAL,24V Low Water Cut Off,,FALSE,~,"1-1/2"" BRASS","1-1/2"" Brass Coupling",,FALSE,~
~,~,~,~,~,~,~,~,~,~,~,~,~,~,BOILER / HWH MATERIAL,Mixing Valve,,FALSE,~,"1-1/2"" BRASS","1-1/2"" Brass 90",,FALSE,~
~,~,~,~,~,~,~,~,~,~,~,~,~,~,BOILER / HWH MATERIAL,Water Heater Drain Pan,,FALSE,~,"1-1/2"" BRASS","1-1/2"" Brass Street 90",,FALSE,~
~,~,~,~,~,~,~,~,~,~,~,~,~,~,~,~,~,~,~,"1-1/2"" BRASS","1-1/2"" Brass 45",,FALSE,~
~,~,~,~,~,~,~,~,~,~,~,~,~,~,PIPE INSULATION,"3/8"" Armaflex Insulation (6' Lengths)",,FALSE,~,"1-1/2"" BRASS","1-1/2"" Brass Street 45",,FALSE,~
~,~,~,~,~,~,~,~,~,~,~,~,~,~,PIPE INSULATION,"5/8"" Armaflex Insulation (6' Lengths)",,FALSE,~,"1-1/2"" BRASS","1-1/2"" Brass Tee",,FALSE,~
~,~,~,~,~,~,~,~,~,~,~,~,~,~,PIPE INSULATION,"3/4"" Armaflex Insulation (6' Lengths)",,FALSE,~,"1-1/2"" BRASS","1-1/2"" Brass Union",,FALSE,~
~,~,~,~,~,~,~,~,~,~,~,~,~,~,PIPE INSULATION,"7/8"" Armaflex Insulation (6' Lengths)",,FALSE,~,"1-1/2"" BRASS","1-1/2"" Brass Cap",,FALSE,~
~,~,~,~,~,~,~,~,~,~,~,~,~,~,PIPE INSULATION,"1-1/8"" Armaflex Insulation (6' Lengths)",,FALSE,~,"1-1/2"" BRASS","1-1/2"" Brass Plug",,FALSE,~
~,~,~,~,~,~,~,~,~,~,~,~,~,~,PIPE INSULATION,"1-1/2"" Armaflex Insulation (6' Lengths)",,FALSE,~,"1-1/2"" BRASS","1-1/2"" x 1/2"" Brass Reducing Coupling",,FALSE,~
~,~,~,~,~,~,~,~,~,~,~,~,~,~,PIPE INSULATION,"1-5/8"" Armaflex Insulation (6' Lengths)",,FALSE,~,"1-1/2"" BRASS","1-1/2"" x 1/2"" Brass Reducing Bushing",,FALSE,~
~,~,~,~,~,~,~,~,~,~,~,~,~,~,PIPE INSULATION,"2"" Armaflex Insulation (6' Lengths)",,FALSE,~,"1-1/2"" BRASS","1-1/2"" x 3/4"" Brass Reducing Coupling",,FALSE,~
~,~,~,~,~,~,~,~,~,~,~,~,~,~,~,~,~,~,~,"1-1/2"" BRASS","1-1/2"" x 3/4"" Brass Reducing Bushing",,FALSE,~
~,~,~,~,~,~,~,~,~,~,~,~,~,~,"5"" DUCTWORK","5"" Pipe (Linear Feet)",,FALSE,~,"1-1/2"" BRASS","1-1/2"" x 1"" Brass Reducing Coupling",,FALSE,~
~,~,~,~,~,~,~,~,~,~,~,~,~,~,"5"" DUCTWORK","5"" Elbows",,FALSE,~,"1-1/2"" BRASS","1-1/2"" x 1"" Brass Reducing Bushing",,FALSE,~
~,~,~,~,~,~,~,~,~,~,~,~,~,~,"5"" DUCTWORK","5"" Sticky Collar (ATD)",,FALSE,~,"1-1/2"" BRASS","1-1/2"" x 1-1/4"" Brass Reducing Coupling",,FALSE,~
~,~,~,~,~,~,~,~,~,~,~,~,~,~,"5"" DUCTWORK","5"" Clinch Collar",,FALSE,~,"1-1/2"" BRASS","1-1/2"" x 1-1/4"" Brass Reducing Bushing",,FALSE,~
~,~,~,~,~,~,~,~,~,~,~,~,~,~,"5"" DUCTWORK","5"" Top Take Off",,FALSE,~,"1-1/2"" BRASS","1-1/2"" x Closed Brass Nipple",,FALSE,~
~,~,~,~,~,~,~,~,~,~,~,~,~,~,"5"" DUCTWORK","5"" Saddle Collar",,FALSE,~,"1-1/2"" BRASS","1-1/2"" x Shoulder Brass Nipple",,FALSE,~
~,~,~,~,~,~,~,~,~,~,~,~,~,~,"5"" DUCTWORK","5"" R-4 Flex",,FALSE,~,"1-1/2"" BRASS","1-1/2"" x 2"" Brass Nipple",,FALSE,~
~,~,~,~,~,~,~,~,~,~,~,~,~,~,"5"" DUCTWORK","5"" R-8 Flex",,FALSE,~,"1-1/2"" BRASS","1-1/2"" x 2-1/2"" Brass Nipple",,FALSE,~
~,~,~,~,~,~,~,~,~,~,~,~,~,~,"5"" DUCTWORK","5"" Oval Pipe (Linear Feet)",,FALSE,~,"1-1/2"" BRASS","1-1/2"" x 3"" Brass Nipple",,FALSE,~
~,~,~,~,~,~,~,~,~,~,~,~,~,~,"5"" DUCTWORK","5"" Oval to Round Straight",,FALSE,~,"1-1/2"" BRASS","1-1/2"" x 3-1/2"" Brass Nipple",,FALSE,~
~,~,~,~,~,~,~,~,~,~,~,~,~,~,"5"" DUCTWORK","5"" Oval to Round Vertical",,FALSE,~,"1-1/2"" BRASS","1-1/2"" x 4"" Brass Nipple",,FALSE,~
~,~,~,~,~,~,~,~,~,~,~,~,~,~,"5"" DUCTWORK","5"" Oval to Round Horizontal",,FALSE,~,"1-1/2"" BRASS","1-1/2"" x 4-1/2"" Brass Nipple",,FALSE,~
~,~,~,~,~,~,~,~,~,~,~,~,~,~,"5"" DUCTWORK","5"" Oval Vertical 90",,FALSE,~,"1-1/2"" BRASS","1-1/2"" x 5"" Brass Nipple",,FALSE,~
~,~,~,~,~,~,~,~,~,~,~,~,~,~,"5"" DUCTWORK","5"" Oval Horizontal 90",,FALSE,~,"1-1/2"" BRASS","1-1/2"" x 5-1/2"" Brass Nipple",,FALSE,~
~,~,~,~,~,~,~,~,~,~,~,~,~,~,"5"" DUCTWORK",12x4x5 Straight Boot,,FALSE,~,"1-1/2"" BRASS","1-1/2"" x 6"" Brass Nipple",,FALSE,~
~,~,~,~,~,~,~,~,~,~,~,~,~,~,"5"" DUCTWORK",12x4x5 90 Boot,,FALSE,~,"1-1/2"" BRASS","1-1/2"" x 8"" Brass Nipple",,FALSE,~
~,~,~,~,~,~,~,~,~,~,~,~,~,~,"5"" DUCTWORK",12x4x5 Pencil Boot,,FALSE,~,"1-1/2"" BRASS","1-1/2"" x 10"" Brass Nipple",,FALSE,~
~,~,~,~,~,~,~,~,~,~,~,~,~,~,"5"" DUCTWORK",12x6x5 Straight Boot,,FALSE,~,"1-1/2"" BRASS","1-1/2"" x 12"" Brass Nipple",,FALSE,~
~,~,~,~,~,~,~,~,~,~,~,~,~,~,"5"" DUCTWORK",12x6x5 90 Boot,,FALSE,~,"1-1/2"" BRASS","1-1/2"" Brass Run of Nipples",,FALSE,~
~,~,~,~,~,~,~,~,~,~,~,~,~,~,"5"" DUCTWORK",12x6x5 Pencil Boot,,FALSE,~,~,~,~,~,~
~,~,~,~,~,~,~,~,~,~,~,~,~,~,"5"" DUCTWORK",6x6x5 Top Tap,,FALSE,~,"2"" BRASS","2"" Brass Threaded Ball Valve",,FALSE,~
~,~,~,~,~,~,~,~,~,~,~,~,~,~,"5"" DUCTWORK",6x6x5 Side Tap,,FALSE,~,"2"" BRASS","2"" Brass Coupling",,FALSE,~
~,~,~,~,~,~,~,~,~,~,~,~,~,~,"5"" DUCTWORK",8x8x5 Top Tap,,FALSE,~,"2"" BRASS","2"" Brass 90",,FALSE,~
~,~,~,~,~,~,~,~,~,~,~,~,~,~,"5"" DUCTWORK",8x8x5 Side Tap,,FALSE,~,"2"" BRASS","2"" Brass Street 90",,FALSE,~
~,~,~,~,~,~,~,~,~,~,~,~,~,~,"5"" DUCTWORK","5"" 12x4 Oval Stack Head",,FALSE,~,"2"" BRASS","2"" Brass 45",,FALSE,~
~,~,~,~,~,~,~,~,~,~,~,~,~,~,"5"" DUCTWORK","5"" 12x6 Oval Stack Head",,FALSE,~,"2"" BRASS","2"" Brass Street 45",,FALSE,~
~,~,~,~,~,~,~,~,~,~,~,~,~,~,"5"" DUCTWORK","5"" 14x4 Oval Stack Head",,FALSE,~,"2"" BRASS","2"" Brass Tee",,FALSE,~
~,~,~,~,~,~,~,~,~,~,~,~,~,~,"5"" DUCTWORK","5"" 14x6 Oval Stack Head",,FALSE,~,"2"" BRASS","2"" Brass Union",,FALSE,~
~,~,~,~,~,~,~,~,~,~,~,~,~,~,~,~,~,~,~,"2"" BRASS","2"" Brass Cap",,FALSE,~
~,~,~,~,~,~,~,~,~,~,~,~,~,~,"6"" DUCTWORK","6"" Pipe (Linear Feet)",,FALSE,~,"2"" BRASS","2"" Brass Plug",,FALSE,~
~,~,~,~,~,~,~,~,~,~,~,~,~,~,"6"" DUCTWORK","6"" Elbows",,FALSE,~,"2"" BRASS","2"" x 1/2"" Brass Reducing Coupling",,FALSE,~
~,~,~,~,~,~,~,~,~,~,~,~,~,~,"6"" DUCTWORK","6"" Sticky Collar (ATD)",,FALSE,~,"2"" BRASS","2"" x 1/2"" Brass Reducing Bushing",,FALSE,~
~,~,~,~,~,~,~,~,~,~,~,~,~,~,"6"" DUCTWORK","6"" Clinch Collar",,FALSE,~,"2"" BRASS","2"" x 3/4"" Brass Reducing Coupling",,FALSE,~
~,~,~,~,~,~,~,~,~,~,~,~,~,~,"6"" DUCTWORK","6"" Top Take Off",,FALSE,~,"2"" BRASS","2"" x 3/4"" Brass Reducing Bushing",,FALSE,~
~,~,~,~,~,~,~,~,~,~,~,~,~,~,"6"" DUCTWORK","6"" Saddle Collar",,FALSE,~,"2"" BRASS","2"" x 1"" Brass Reducing Coupling",,FALSE,~
~,~,~,~,~,~,~,~,~,~,~,~,~,~,"6"" DUCTWORK","6"" R-4 Flex",,FALSE,~,"2"" BRASS","2"" x 1"" Brass Reducing Bushing",,FALSE,~
~,~,~,~,~,~,~,~,~,~,~,~,~,~,"6"" DUCTWORK","6"" R-8 Flex",,FALSE,~,"2"" BRASS","2"" x 1-1/4"" Brass Reducing Coupling",,FALSE,~
~,~,~,~,~,~,~,~,~,~,~,~,~,~,"6"" DUCTWORK","6"" Oval Pipe (Linear Feet)",,FALSE,~,"2"" BRASS","2"" x 1-1/4"" Brass Reducing Bushing",,FALSE,~
~,~,~,~,~,~,~,~,~,~,~,~,~,~,"6"" DUCTWORK","6"" Oval to Round Straight",,FALSE,~,"2"" BRASS","2"" x 1-1/2"" Brass Reducing Coupling",,FALSE,~
~,~,~,~,~,~,~,~,~,~,~,~,~,~,"6"" DUCTWORK","6"" Oval to Round Vertical",,FALSE,~,"2"" BRASS","2"" x 1-1/2"" Brass Reducing Bushing",,FALSE,~
~,~,~,~,~,~,~,~,~,~,~,~,~,~,"6"" DUCTWORK","6"" Oval to Round Horizontal",,FALSE,~,"2"" BRASS","2"" x Closed Brass Nipple",,FALSE,~
~,~,~,~,~,~,~,~,~,~,~,~,~,~,"6"" DUCTWORK","6"" Oval Vertical 90",,FALSE,~,"2"" BRASS","2"" x Shoulder Brass Nipple",,FALSE,~
~,~,~,~,~,~,~,~,~,~,~,~,~,~,"6"" DUCTWORK","6"" Oval Horizontal 90",,FALSE,~,"2"" BRASS","2"" x 2"" Brass Nipple",,FALSE,~
~,~,~,~,~,~,~,~,~,~,~,~,~,~,"6"" DUCTWORK",12x4x6 Straight Boot,,FALSE,~,"2"" BRASS","2"" x 2-1/2"" Brass Nipple",,FALSE,~
~,~,~,~,~,~,~,~,~,~,~,~,~,~,"6"" DUCTWORK",12x4x6 90 Boot,,FALSE,~,"2"" BRASS","2"" x 3"" Brass Nipple",,FALSE,~
~,~,~,~,~,~,~,~,~,~,~,~,~,~,"6"" DUCTWORK",12x4x6 Pencil Boot,,FALSE,~,"2"" BRASS","2"" x 3-1/2"" Brass Nipple",,FALSE,~
~,~,~,~,~,~,~,~,~,~,~,~,~,~,"6"" DUCTWORK",12x6x6 Straight Boot,,FALSE,~,"2"" BRASS","2"" x 4"" Brass Nipple",,FALSE,~
~,~,~,~,~,~,~,~,~,~,~,~,~,~,"6"" DUCTWORK",12x6x6 90 Boot,,FALSE,~,"2"" BRASS","2"" x 4-1/2"" Brass Nipple",,FALSE,~
~,~,~,~,~,~,~,~,~,~,~,~,~,~,"6"" DUCTWORK",12x6x6 Pencil Boot,,FALSE,~,"2"" BRASS","2"" x 5"" Brass Nipple",,FALSE,~
~,~,~,~,~,~,~,~,~,~,~,~,~,~,"6"" DUCTWORK",6x6x6 Top Tap,,FALSE,~,"2"" BRASS","2"" x 5-1/2"" Brass Nipple",,FALSE,~
~,~,~,~,~,~,~,~,~,~,~,~,~,~,"6"" DUCTWORK",6x6x6 Side Tap,,FALSE,~,"2"" BRASS","2"" x 6"" Brass Nipple",,FALSE,~
~,~,~,~,~,~,~,~,~,~,~,~,~,~,"6"" DUCTWORK",8x8x6 Top Tap,,FALSE,~,"2"" BRASS","2"" x 8"" Brass Nipple",,FALSE,~
~,~,~,~,~,~,~,~,~,~,~,~,~,~,"6"" DUCTWORK",8x8x6 Side Tap,,FALSE,~,"2"" BRASS","2"" x 10"" Brass Nipple",,FALSE,~
~,~,~,~,~,~,~,~,~,~,~,~,~,~,"6"" DUCTWORK","6"" 12x4 Oval Stack Head",,FALSE,~,"2"" BRASS","2"" x 12"" Brass Nipple",,FALSE,~
~,~,~,~,~,~,~,~,~,~,~,~,~,~,"6"" DUCTWORK","6"" 12x6 Oval Stack Head",,FALSE,~,"2"" BRASS","2"" Brass Run of Nipples",,FALSE,~
~,~,~,~,~,~,~,~,~,~,~,~,~,~,"6"" DUCTWORK","6"" 14x4 Oval Stack Head",,FALSE,~,~,~,~,~,~
~,~,~,~,~,~,~,~,~,~,~,~,~,~,"6"" DUCTWORK","6"" 14x6 Oval Stack Head",,FALSE,~,"1/2"" BLACK PIPE","1/2"" Black Pipe Threaded Ball Valve",,FALSE,~
~,~,~,~,~,~,~,~,~,~,~,~,~,~,~,~,~,~,~,"1/2"" BLACK PIPE","1/2"" Black Pipe Coupling",,FALSE,~
~,~,~,~,~,~,~,~,~,~,~,~,~,~,"7"" DUCTWORK","7"" Pipe (Linear Feet)",,FALSE,~,"1/2"" BLACK PIPE","1/2"" Black Pipe 90",,FALSE,~
~,~,~,~,~,~,~,~,~,~,~,~,~,~,"7"" DUCTWORK","7"" Elbows",,FALSE,~,"1/2"" BLACK PIPE","1/2"" Black Pipe Street 90",,FALSE,~
~,~,~,~,~,~,~,~,~,~,~,~,~,~,"7"" DUCTWORK","7"" Sticky Collar (ATD)",,FALSE,~,"1/2"" BLACK PIPE","1/2"" Black Pipe 45",,FALSE,~
~,~,~,~,~,~,~,~,~,~,~,~,~,~,"7"" DUCTWORK","7"" Clinch Collar",,FALSE,~,"1/2"" BLACK PIPE","1/2"" Black Pipe Street 45",,FALSE,~
~,~,~,~,~,~,~,~,~,~,~,~,~,~,"7"" DUCTWORK","7"" Top Take Off",,FALSE,~,"1/2"" BLACK PIPE","1/2"" Black Pipe Tee",,FALSE,~
~,~,~,~,~,~,~,~,~,~,~,~,~,~,"7"" DUCTWORK","7"" Saddle Collar",,FALSE,~,"1/2"" BLACK PIPE","1/2"" Black Pipe Union",,FALSE,~
~,~,~,~,~,~,~,~,~,~,~,~,~,~,"7"" DUCTWORK","7"" R-4 Flex",,FALSE,~,"1/2"" BLACK PIPE","1/2"" Black Pipe Cap",,FALSE,~
~,~,~,~,~,~,~,~,~,~,~,~,~,~,"7"" DUCTWORK","7"" R-8 Flex",,FALSE,~,"1/2"" BLACK PIPE","1/2"" Black Pipe Plug",,FALSE,~
~,~,~,~,~,~,~,~,~,~,~,~,~,~,"7"" DUCTWORK","7"" Oval Pipe (Linear Feet)",,FALSE,~,"1/2"" BLACK PIPE","1/2"" x Closed Black Pipe Nipple",,FALSE,~
~,~,~,~,~,~,~,~,~,~,~,~,~,~,"7"" DUCTWORK","7"" Oval to Round Straight",,FALSE,~,"1/2"" BLACK PIPE","1/2"" x 1 1/2"" Black Pipe Nipple",,FALSE,~
~,~,~,~,~,~,~,~,~,~,~,~,~,~,"7"" DUCTWORK","7"" Oval to Round Vertical",,FALSE,~,"1/2"" BLACK PIPE","1/2"" x 2"" Black Pipe Nipple",,FALSE,~
~,~,~,~,~,~,~,~,~,~,~,~,~,~,"7"" DUCTWORK","7"" Oval to Round Horizontal",,FALSE,~,"1/2"" BLACK PIPE","1/2"" x 2 1/2"" Black Pipe Nipple",,FALSE,~
~,~,~,~,~,~,~,~,~,~,~,~,~,~,"7"" DUCTWORK","7"" Oval Vertical 90",,FALSE,~,"1/2"" BLACK PIPE","1/2"" x 3"" Black Pipe Nipple",,FALSE,~
~,~,~,~,~,~,~,~,~,~,~,~,~,~,"7"" DUCTWORK","7"" Oval Horizontal 90",,FALSE,~,"1/2"" BLACK PIPE","1/2"" x 3 1/2"" Black Pipe Nipple",,FALSE,~
~,~,~,~,~,~,~,~,~,~,~,~,~,~,"7"" DUCTWORK",12x4x7 Straight Boot,,FALSE,~,"1/2"" BLACK PIPE","1/2"" x 4"" Black Pipe Nipple",,FALSE,~
~,~,~,~,~,~,~,~,~,~,~,~,~,~,"7"" DUCTWORK",12x4x7 90 Boot,,FALSE,~,"1/2"" BLACK PIPE","1/2"" x 4 1/2"" Black Pipe Nipple",,FALSE,~
~,~,~,~,~,~,~,~,~,~,~,~,~,~,"7"" DUCTWORK",12x4x7 Pencil Boot,,FALSE,~,"1/2"" BLACK PIPE","1/2"" x 5"" Black Pipe Nipple",,FALSE,~
~,~,~,~,~,~,~,~,~,~,~,~,~,~,"7"" DUCTWORK",12x6x7 Straight Boot,,FALSE,~,"1/2"" BLACK PIPE","1/2"" x 5 1/2"" Black Pipe Nipple",,FALSE,~
~,~,~,~,~,~,~,~,~,~,~,~,~,~,"7"" DUCTWORK",12x6x7 90 Boot,,FALSE,~,"1/2"" BLACK PIPE","1/2"" x 6"" Black Pipe Nipple",,FALSE,~
~,~,~,~,~,~,~,~,~,~,~,~,~,~,"7"" DUCTWORK",12x6x7 Pencil Boot,,FALSE,~,"1/2"" BLACK PIPE","1/2"" x 8"" Black Pipe Nipple",,FALSE,~
~,~,~,~,~,~,~,~,~,~,~,~,~,~,"7"" DUCTWORK",14x4x7 Straight Boot,,FALSE,~,"1/2"" BLACK PIPE","1/2"" x 10"" Black Pipe Nipple",,FALSE,~
~,~,~,~,~,~,~,~,~,~,~,~,~,~,"7"" DUCTWORK",14x4x7 90 Boot,,FALSE,~,"1/2"" BLACK PIPE","1/2"" x 12"" Black Pipe Nipple",,FALSE,~
~,~,~,~,~,~,~,~,~,~,~,~,~,~,"7"" DUCTWORK",14x4x7 Pencil Boot,,FALSE,~,"1/2"" BLACK PIPE","1/2"" Black Pipe Run of Nipples",,FALSE,~
~,~,~,~,~,~,~,~,~,~,~,~,~,~,"7"" DUCTWORK",14x6x7 Straight Boot,,FALSE,~,~,~,~,~,~
~,~,~,~,~,~,~,~,~,~,~,~,~,~,"7"" DUCTWORK",14x6x7 90 Boot,,FALSE,~,"3/4"" BLACK PIPE","3/4"" Black Pipe Threaded Ball Valve",,FALSE,~
~,~,~,~,~,~,~,~,~,~,~,~,~,~,"7"" DUCTWORK",14x6x7 Pencil Boot,,FALSE,~,"3/4"" BLACK PIPE","3/4"" Black Pipe Coupling",,FALSE,~
~,~,~,~,~,~,~,~,~,~,~,~,~,~,"7"" DUCTWORK",8x8x7 Top Tap,,FALSE,~,"3/4"" BLACK PIPE","3/4"" Black Pipe 90",,FALSE,~
~,~,~,~,~,~,~,~,~,~,~,~,~,~,"7"" DUCTWORK",8x8x7 Side Tap,,FALSE,~,"3/4"" BLACK PIPE","3/4"" Black Pipe Street 90",,FALSE,~
~,~,~,~,~,~,~,~,~,~,~,~,~,~,"7"" DUCTWORK",10x10x7 Top Tap,,FALSE,~,"3/4"" BLACK PIPE","3/4"" Black Pipe 45",,FALSE,~
~,~,~,~,~,~,~,~,~,~,~,~,~,~,"7"" DUCTWORK",10x10x7 Side Tap,,FALSE,~,"3/4"" BLACK PIPE","3/4"" Black Pipe Street 45",,FALSE,~
~,~,~,~,~,~,~,~,~,~,~,~,~,~,"7"" DUCTWORK","7"" 12x4 Oval Stack Head",,FALSE,~,"3/4"" BLACK PIPE","3/4"" Black Pipe Tee",,FALSE,~
~,~,~,~,~,~,~,~,~,~,~,~,~,~,"7"" DUCTWORK","7"" 12x6 Oval Stack Head",,FALSE,~,"3/4"" BLACK PIPE","3/4"" Black Pipe Union",,FALSE,~
~,~,~,~,~,~,~,~,~,~,~,~,~,~,"7"" DUCTWORK","7"" 12x8 Oval Stack Head",,FALSE,~,"3/4"" BLACK PIPE","3/4"" Black Pipe Cap",,FALSE,~
~,~,~,~,~,~,~,~,~,~,~,~,~,~,"7"" DUCTWORK","7"" 14x4 Oval Stack Head",,FALSE,~,"3/4"" BLACK PIPE","3/4"" Black Pipe Plug",,FALSE,~
~,~,~,~,~,~,~,~,~,~,~,~,~,~,"7"" DUCTWORK","7"" 14x6 Oval Stack Head",,FALSE,~,"3/4"" BLACK PIPE","3/4"" x 1/2"" Black Pipe Reducing Coupling",,FALSE,~
~,~,~,~,~,~,~,~,~,~,~,~,~,~,"7"" DUCTWORK","7"" 14x8 Oval Stack Head",,FALSE,~,"3/4"" BLACK PIPE","3/4"" x 1/2"" Black Pipe Reducing Bushing",,FALSE,~
~,~,~,~,~,~,~,~,~,~,~,~,~,~,~,~,~,~,~,"3/4"" BLACK PIPE","3/4"" x Closed Black Pipe Nipple",,FALSE,~
~,~,~,~,~,~,~,~,~,~,~,~,~,~,"8"" DUCTWORK","8"" Pipe (Linear Feet)",,FALSE,~,"3/4"" BLACK PIPE","3/4"" x 1-1/2"" Black Pipe Nipple",,FALSE,~
~,~,~,~,~,~,~,~,~,~,~,~,~,~,"8"" DUCTWORK","8"" Elbows",,FALSE,~,"3/4"" BLACK PIPE","3/4"" x 2"" Black Pipe Nipple",,FALSE,~
~,~,~,~,~,~,~,~,~,~,~,~,~,~,"8"" DUCTWORK","8"" Sticky Collar (ATD)",,FALSE,~,"3/4"" BLACK PIPE","3/4"" x 2-1/2"" Black Pipe Nipple",,FALSE,~
~,~,~,~,~,~,~,~,~,~,~,~,~,~,"8"" DUCTWORK","8"" Clinch Collar",,FALSE,~,"3/4"" BLACK PIPE","3/4"" x 3"" Black Pipe Nipple",,FALSE,~
~,~,~,~,~,~,~,~,~,~,~,~,~,~,"8"" DUCTWORK","8"" Top Take Off",,FALSE,~,"3/4"" BLACK PIPE","3/4"" x 3-1/2"" Black Pipe Nipple",,FALSE,~
~,~,~,~,~,~,~,~,~,~,~,~,~,~,"8"" DUCTWORK","8"" Saddle Collar",,FALSE,~,"3/4"" BLACK PIPE","3/4"" x 4"" Black Pipe Nipple",,FALSE,~
~,~,~,~,~,~,~,~,~,~,~,~,~,~,"8"" DUCTWORK","8"" R-4 Flex",,FALSE,~,"3/4"" BLACK PIPE","3/4"" x 4-1/2"" Black Pipe Nipple",,FALSE,~
~,~,~,~,~,~,~,~,~,~,~,~,~,~,"8"" DUCTWORK","8"" R-8 Flex",,FALSE,~,"3/4"" BLACK PIPE","3/4"" x 5"" Black Pipe Nipple",,FALSE,~
~,~,~,~,~,~,~,~,~,~,~,~,~,~,"8"" DUCTWORK","8"" Oval Pipe (Linear Feet)",,FALSE,~,"3/4"" BLACK PIPE","3/4"" x 5-1/2"" Black Pipe Nipple",,FALSE,~
~,~,~,~,~,~,~,~,~,~,~,~,~,~,"8"" DUCTWORK","8"" Oval to Round Straight",,FALSE,~,"3/4"" BLACK PIPE","3/4"" x 6"" Black Pipe Nipple",,FALSE,~
~,~,~,~,~,~,~,~,~,~,~,~,~,~,"8"" DUCTWORK","8"" Oval to Round Vertical",,FALSE,~,"3/4"" BLACK PIPE","3/4"" x 8"" Black Pipe Nipple",,FALSE,~
~,~,~,~,~,~,~,~,~,~,~,~,~,~,"8"" DUCTWORK","8"" Oval to Round Horizontal",,FALSE,~,"3/4"" BLACK PIPE","3/4"" x 10"" Black Pipe Nipple",,FALSE,~
~,~,~,~,~,~,~,~,~,~,~,~,~,~,"8"" DUCTWORK","8"" Oval Vertical 90",,FALSE,~,"3/4"" BLACK PIPE","3/4"" x 12"" Black Pipe Nipple",,FALSE,~
~,~,~,~,~,~,~,~,~,~,~,~,~,~,"8"" DUCTWORK","8"" Oval Horizontal 90",,FALSE,~,"3/4"" BLACK PIPE","3/4"" Black Pipe Run of Nipples",,FALSE,~
~,~,~,~,~,~,~,~,~,~,~,~,~,~,"8"" DUCTWORK",12x4x8 Straight Boot,,FALSE,~,~,~,~,~,~
~,~,~,~,~,~,~,~,~,~,~,~,~,~,"8"" DUCTWORK",12x4x8 90 Boot,,FALSE,~,"1"" BLACK PIPE","1"" Black Pipe Threaded Ball Valve",,FALSE,~
~,~,~,~,~,~,~,~,~,~,~,~,~,~,"8"" DUCTWORK",12x4x8 Pencil Boot,,FALSE,~,"1"" BLACK PIPE","1"" Black Pipe Coupling",,FALSE,~
~,~,~,~,~,~,~,~,~,~,~,~,~,~,"8"" DUCTWORK",12x6x8 Straight Boot,,FALSE,~,"1"" BLACK PIPE","1"" Black Pipe 90",,FALSE,~
~,~,~,~,~,~,~,~,~,~,~,~,~,~,"8"" DUCTWORK",12x6x8 90 Boot,,FALSE,~,"1"" BLACK PIPE","1"" Black Pipe Street 90",,FALSE,~
~,~,~,~,~,~,~,~,~,~,~,~,~,~,"8"" DUCTWORK",12x6x8 Pencil Boot,,FALSE,~,"1"" BLACK PIPE","1"" Black Pipe 45",,FALSE,~
~,~,~,~,~,~,~,~,~,~,~,~,~,~,"8"" DUCTWORK",14x4x8 Straight Boot,,FALSE,~,"1"" BLACK PIPE","1"" Black Pipe Street 45",,FALSE,~
~,~,~,~,~,~,~,~,~,~,~,~,~,~,"8"" DUCTWORK",14x4x8 90 Boot,,FALSE,~,"1"" BLACK PIPE","1"" Black Pipe Tee",,FALSE,~
~,~,~,~,~,~,~,~,~,~,~,~,~,~,"8"" DUCTWORK",14x4x8 Pencil Boot,,FALSE,~,"1"" BLACK PIPE","1"" Black Pipe Union",,FALSE,~
~,~,~,~,~,~,~,~,~,~,~,~,~,~,"8"" DUCTWORK",14x6x8 Straight Boot,,FALSE,~,"1"" BLACK PIPE","1"" Black Pipe Cap",,FALSE,~
~,~,~,~,~,~,~,~,~,~,~,~,~,~,"8"" DUCTWORK",14x6x8 90 Boot,,FALSE,~,"1"" BLACK PIPE","1"" Black Pipe Plug",,FALSE,~
~,~,~,~,~,~,~,~,~,~,~,~,~,~,"8"" DUCTWORK",14x6x8 Pencil Boot,,FALSE,~,"1"" BLACK PIPE","1"" x 1/2"" Black Pipe Reducing Coupling",,FALSE,~
~,~,~,~,~,~,~,~,~,~,~,~,~,~,"8"" DUCTWORK",8x8x8 Top Tap,,FALSE,~,"1"" BLACK PIPE","1"" x 1/2"" Black Pipe Reducing Bushing",,FALSE,~
~,~,~,~,~,~,~,~,~,~,~,~,~,~,"8"" DUCTWORK",8x8x8 Side Tap,,FALSE,~,"1"" BLACK PIPE","1"" x 3/4"" Black Pipe Reducing Coupling",,FALSE,~
~,~,~,~,~,~,~,~,~,~,~,~,~,~,"8"" DUCTWORK",10x10x8 Top Tap,,FALSE,~,"1"" BLACK PIPE","1"" x 3/4"" Black Pipe Reducing Bushing",,FALSE,~
~,~,~,~,~,~,~,~,~,~,~,~,~,~,"8"" DUCTWORK",10x10x8 Side Tap,,FALSE,~,"1"" BLACK PIPE","1"" x Closed Black Pipe Nipple",,FALSE,~
~,~,~,~,~,~,~,~,~,~,~,~,~,~,"8"" DUCTWORK","8"" 12x4 Oval Stack Head",,FALSE,~,"1"" BLACK PIPE","1"" x Shoulder Black Pipe Nipple",,FALSE,~
~,~,~,~,~,~,~,~,~,~,~,~,~,~,"8"" DUCTWORK","8"" 12x6 Oval Stack Head",,FALSE,~,"1"" BLACK PIPE","1"" x 2"" Black Pipe Nipple",,FALSE,~
~,~,~,~,~,~,~,~,~,~,~,~,~,~,"8"" DUCTWORK","8"" 12x8 Oval Stack Head",,FALSE,~,"1"" BLACK PIPE","1"" x 2-1/2"" Black Pipe Nipple",,FALSE,~
~,~,~,~,~,~,~,~,~,~,~,~,~,~,"8"" DUCTWORK","8"" 14x4 Oval Stack Head",,FALSE,~,"1"" BLACK PIPE","1"" x 3"" Black Pipe Nipple",,FALSE,~
~,~,~,~,~,~,~,~,~,~,~,~,~,~,"8"" DUCTWORK","8"" 14x6 Oval Stack Head",,FALSE,~,"1"" BLACK PIPE","1"" x 3-1/2"" Black Pipe Nipple",,FALSE,~
~,~,~,~,~,~,~,~,~,~,~,~,~,~,"8"" DUCTWORK","8"" 14x8 Oval Stack Head",,FALSE,~,"1"" BLACK PIPE","1"" x 4"" Black Pipe Nipple",,FALSE,~
~,~,~,~,~,~,~,~,~,~,~,~,~,~,~,~,~,~,~,"1"" BLACK PIPE","1"" x 4-1/2"" Black Pipe Nipple",,FALSE,~
~,~,~,~,~,~,~,~,~,~,~,~,~,~,"10"" DUCTWORK","10"" Pipe (Linear Feet)",,FALSE,~,"1"" BLACK PIPE","1"" x 5"" Black Pipe Nipple",,FALSE,~
~,~,~,~,~,~,~,~,~,~,~,~,~,~,"10"" DUCTWORK","10"" Elbows",,FALSE,~,"1"" BLACK PIPE","1"" x 5-1/2"" Black Pipe Nipple",,FALSE,~
~,~,~,~,~,~,~,~,~,~,~,~,~,~,"10"" DUCTWORK","10"" Sticky Collar (ATD)",,FALSE,~,"1"" BLACK PIPE","1"" x 6"" Black Pipe Nipple",,FALSE,~
~,~,~,~,~,~,~,~,~,~,~,~,~,~,"10"" DUCTWORK","10"" Clinch Collar",,FALSE,~,"1"" BLACK PIPE","1"" x 8"" Black Pipe Nipple",,FALSE,~
~,~,~,~,~,~,~,~,~,~,~,~,~,~,"10"" DUCTWORK","10"" Top Take Off",,FALSE,~,"1"" BLACK PIPE","1"" x 10"" Black Pipe Nipple",,FALSE,~
~,~,~,~,~,~,~,~,~,~,~,~,~,~,"10"" DUCTWORK","10"" Saddle Collar",,FALSE,~,"1"" BLACK PIPE","1"" x 12"" Black Pipe Nipple",,FALSE,~
~,~,~,~,~,~,~,~,~,~,~,~,~,~,"10"" DUCTWORK","10"" R-4 Flex",,FALSE,~,"1"" BLACK PIPE","1"" Black Pipe Run of Nipples",,FALSE,~
~,~,~,~,~,~,~,~,~,~,~,~,~,~,"10"" DUCTWORK","10"" R-8 Flex",,FALSE,~,~,~,~,~,~
~,~,~,~,~,~,~,~,~,~,~,~,~,~,"10"" DUCTWORK",10x10x10 Top Tap,,FALSE,~,"1-1/4"" BLACK PIPE","1-1/4"" Black Pipe Threaded Ball Valve",,FALSE,~
~,~,~,~,~,~,~,~,~,~,~,~,~,~,"10"" DUCTWORK",10x10x10 Side Tap,,FALSE,~,"1-1/4"" BLACK PIPE","1-1/4"" Black Pipe Coupling",,FALSE,~
~,~,~,~,~,~,~,~,~,~,~,~,~,~,"10"" DUCTWORK",12x12x10 Top Tap,,FALSE,~,"1-1/4"" BLACK PIPE","1-1/4"" Black Pipe 90",,FALSE,~
~,~,~,~,~,~,~,~,~,~,~,~,~,~,"10"" DUCTWORK",12x12x10 Side Tap,,FALSE,~,"1-1/4"" BLACK PIPE","1-1/4"" Black Pipe Street 90",,FALSE,~
~,~,~,~,~,~,~,~,~,~,~,~,~,~,"10"" DUCTWORK",14x14x10 Top Tap,,FALSE,~,"1-1/4"" BLACK PIPE","1-1/4"" Black Pipe 45",,FALSE,~
~,~,~,~,~,~,~,~,~,~,~,~,~,~,"10"" DUCTWORK",14x14x10 Side Tap,,FALSE,~,"1-1/4"" BLACK PIPE","1-1/4"" Black Pipe Street 45",,FALSE,~
~,~,~,~,~,~,~,~,~,~,~,~,~,~,~,~,~,~,~,"1-1/4"" BLACK PIPE","1-1/4"" Black Pipe Tee",,FALSE,~
~,~,~,~,~,~,~,~,~,~,~,~,~,~,"12"" DUCTWORK","12"" Pipe (Linear Feet)",,FALSE,~,"1-1/4"" BLACK PIPE","1-1/4"" Black Pipe Union",,FALSE,~
~,~,~,~,~,~,~,~,~,~,~,~,~,~,"12"" DUCTWORK","12"" Elbows",,FALSE,~,"1-1/4"" BLACK PIPE","1-1/4"" Black Pipe Cap",,FALSE,~
~,~,~,~,~,~,~,~,~,~,~,~,~,~,"12"" DUCTWORK","12"" Sticky Collar (ATD)",,FALSE,~,"1-1/4"" BLACK PIPE","1-1/4"" Black Pipe Plug",,FALSE,~
~,~,~,~,~,~,~,~,~,~,~,~,~,~,"12"" DUCTWORK","12"" Clinch Collar",,FALSE,~,"1-1/4"" BLACK PIPE","1-1/4"" x 1/2"" Black Pipe Reducing Coupling",,FALSE,~
~,~,~,~,~,~,~,~,~,~,~,~,~,~,"12"" DUCTWORK","12"" Top Take Off",,FALSE,~,"1-1/4"" BLACK PIPE","1-1/4"" x 1/2"" Black Pipe Reducing Bushing",,FALSE,~
~,~,~,~,~,~,~,~,~,~,~,~,~,~,"12"" DUCTWORK","12"" Saddle Collar",,FALSE,~,"1-1/4"" BLACK PIPE","1-1/4"" x 3/4"" Black Pipe Reducing Coupling",,FALSE,~
~,~,~,~,~,~,~,~,~,~,~,~,~,~,"12"" DUCTWORK","12"" R-4 Flex",,FALSE,~,"1-1/4"" BLACK PIPE","1-1/4"" x 3/4"" Black Pipe Reducing Bushing",,FALSE,~
~,~,~,~,~,~,~,~,~,~,~,~,~,~,"12"" DUCTWORK","12"" R-8 Flex",,FALSE,~,"1-1/4"" BLACK PIPE","1-1/4"" x 1"" Black Pipe Reducing Coupling",,FALSE,~
~,~,~,~,~,~,~,~,~,~,~,~,~,~,"12"" DUCTWORK",12x12x12 Top Tap,,FALSE,~,"1-1/4"" BLACK PIPE","1-1/4"" x 1"" Black Pipe Reducing Bushing",,FALSE,~
~,~,~,~,~,~,~,~,~,~,~,~,~,~,"12"" DUCTWORK",12x12x12 Side Tap,,FALSE,~,"1-1/4"" BLACK PIPE","1-1/4"" x Closed Black Pipe Nipple",,FALSE,~
~,~,~,~,~,~,~,~,~,~,~,~,~,~,"12"" DUCTWORK",14x14x12 Top Tap,,FALSE,~,"1-1/4"" BLACK PIPE","1-1/4"" x Shoulder Black Pipe Nipple",,FALSE,~
~,~,~,~,~,~,~,~,~,~,~,~,~,~,"12"" DUCTWORK",14x14x12 Side Tap,,FALSE,~,"1-1/4"" BLACK PIPE","1-1/4"" x 2"" Black Pipe Nipple",,FALSE,~
~,~,~,~,~,~,~,~,~,~,~,~,~,~,~,~,~,~,~,"1-1/4"" BLACK PIPE","1-1/4"" x 2-1/2"" Black Pipe Nipple",,FALSE,~
~,~,~,~,~,~,~,~,~,~,~,~,~,~,"14"" DUCTWORK","14"" Pipe (Linear Feet)",,FALSE,~,"1-1/4"" BLACK PIPE","1-1/4"" x 3"" Black Pipe Nipple",,FALSE,~
~,~,~,~,~,~,~,~,~,~,~,~,~,~,"14"" DUCTWORK","14"" Elbows",,FALSE,~,"1-1/4"" BLACK PIPE","1-1/4"" x 3-1/2"" Black Pipe Nipple",,FALSE,~
~,~,~,~,~,~,~,~,~,~,~,~,~,~,"14"" DUCTWORK","14"" Sticky Collar (ATD)",,FALSE,~,"1-1/4"" BLACK PIPE","1-1/4"" x 4"" Black Pipe Nipple",,FALSE,~
~,~,~,~,~,~,~,~,~,~,~,~,~,~,"14"" DUCTWORK","14"" Clinch Collar",,FALSE,~,"1-1/4"" BLACK PIPE","1-1/4"" x 4-1/2"" Black Pipe Nipple",,FALSE,~
~,~,~,~,~,~,~,~,~,~,~,~,~,~,"14"" DUCTWORK","14"" Top Take Off",,FALSE,~,"1-1/4"" BLACK PIPE","1-1/4"" x 5"" Black Pipe Nipple",,FALSE,~
~,~,~,~,~,~,~,~,~,~,~,~,~,~,"14"" DUCTWORK","14"" R-4 Flex",,FALSE,~,"1-1/4"" BLACK PIPE","1-1/4"" x 5-1/2"" Black Pipe Nipple",,FALSE,~
~,~,~,~,~,~,~,~,~,~,~,~,~,~,"14"" DUCTWORK","14"" R-8 Flex",,FALSE,~,"1-1/4"" BLACK PIPE","1-1/4"" x 6"" Black Pipe Nipple",,FALSE,~
~,~,~,~,~,~,~,~,~,~,~,~,~,~,~,~,~,~,~,"1-1/4"" BLACK PIPE","1-1/4"" x 8"" Black Pipe Nipple",,FALSE,~
~,~,~,~,~,~,~,~,~,~,~,~,~,~,"16"" DUCTWORK","16"" Pipe (Linear Feet)",,FALSE,~,"1-1/4"" BLACK PIPE","1-1/4"" x 10"" Black Pipe Nipple",,FALSE,~
~,~,~,~,~,~,~,~,~,~,~,~,~,~,"16"" DUCTWORK","16"" Elbows",,FALSE,~,"1-1/4"" BLACK PIPE","1-1/4"" x 12"" Black Pipe Nipple",,FALSE,~
~,~,~,~,~,~,~,~,~,~,~,~,~,~,"16"" DUCTWORK","16"" Sticky Collar (ATD)",,FALSE,~,"1-1/4"" BLACK PIPE","1-1/4"" Black Pipe Run of Nipples",,FALSE,~
~,~,~,~,~,~,~,~,~,~,~,~,~,~,"16"" DUCTWORK","16"" Clinch Collar",,FALSE,~,~,~,~,~,~
~,~,~,~,~,~,~,~,~,~,~,~,~,~,"16"" DUCTWORK","16"" Top Take Off",,FALSE,~,"1-1/2"" BLACK PIPE","1-1/2"" Black Pipe Threaded Ball Valve",,FALSE,~
~,~,~,~,~,~,~,~,~,~,~,~,~,~,"16"" DUCTWORK","16"" R-4 Flex",,FALSE,~,"1-1/2"" BLACK PIPE","1-1/2"" Black Pipe Coupling",,FALSE,~
~,~,~,~,~,~,~,~,~,~,~,~,~,~,"16"" DUCTWORK","16"" R-8 Flex",,FALSE,~,"1-1/2"" BLACK PIPE","1-1/2"" Black Pipe 90",,FALSE,~
~,~,~,~,~,~,~,~,~,~,~,~,~,~,~,~,~,~,~,"1-1/2"" BLACK PIPE","1-1/2"" Black Pipe Street 90",,FALSE,~
~,~,~,~,~,~,~,~,~,~,~,~,~,~,"18"" DUCTWORK","18"" Pipe (Linear Feet)",,FALSE,~,"1-1/2"" BLACK PIPE","1-1/2"" Black Pipe 45",,FALSE,~
~,~,~,~,~,~,~,~,~,~,~,~,~,~,"18"" DUCTWORK","18"" Elbows",,FALSE,~,"1-1/2"" BLACK PIPE","1-1/2"" Black Pipe Street 45",,FALSE,~
~,~,~,~,~,~,~,~,~,~,~,~,~,~,"18"" DUCTWORK","18"" Sticky Collar (ATD)",,FALSE,~,"1-1/2"" BLACK PIPE","1-1/2"" Black Pipe Tee",,FALSE,~
~,~,~,~,~,~,~,~,~,~,~,~,~,~,"18"" DUCTWORK","18"" Clinch Collar",,FALSE,~,"1-1/2"" BLACK PIPE","1-1/2"" Black Pipe Union",,FALSE,~
~,~,~,~,~,~,~,~,~,~,~,~,~,~,"18"" DUCTWORK","18"" Top Take Off",,FALSE,~,"1-1/2"" BLACK PIPE","1-1/2"" Black Pipe Cap",,FALSE,~
~,~,~,~,~,~,~,~,~,~,~,~,~,~,"18"" DUCTWORK","18"" R-4 Flex",,FALSE,~,"1-1/2"" BLACK PIPE","1-1/2"" Black Pipe Plug",,FALSE,~
~,~,~,~,~,~,~,~,~,~,~,~,~,~,"18"" DUCTWORK","18"" R-8 Flex",,FALSE,~,"1-1/2"" BLACK PIPE","1-1/2"" x 1/2"" Black Pipe Reducing Coupling",,FALSE,~
~,~,~,~,~,~,~,~,~,~,~,~,~,~,~,~,~,~,~,"1-1/2"" BLACK PIPE","1-1/2"" x 1/2"" Black Pipe Reducing Bushing",,FALSE,~
~,~,~,~,~,~,~,~,~,~,~,~,~,~,"20"" DUCTWORK","20"" Pipe (Linear Feet)",,FALSE,~,"1-1/2"" BLACK PIPE","1-1/2"" x 3/4"" Black Pipe Reducing Coupling",,FALSE,~
~,~,~,~,~,~,~,~,~,~,~,~,~,~,"20"" DUCTWORK","20"" Elbows",,FALSE,~,"1-1/2"" BLACK PIPE","1-1/2"" x 3/4"" Black Pipe Reducing Bushing",,FALSE,~
~,~,~,~,~,~,~,~,~,~,~,~,~,~,"20"" DUCTWORK","20"" Sticky Collar (ATD)",,FALSE,~,"1-1/2"" BLACK PIPE","1-1/2"" x 1"" Black Pipe Reducing Coupling",,FALSE,~
~,~,~,~,~,~,~,~,~,~,~,~,~,~,"20"" DUCTWORK","20"" Clinch Collar",,FALSE,~,"1-1/2"" BLACK PIPE","1-1/2"" x 1"" Black Pipe Reducing Bushing",,FALSE,~
~,~,~,~,~,~,~,~,~,~,~,~,~,~,"20"" DUCTWORK","20"" Top Take Off",,FALSE,~,"1-1/2"" BLACK PIPE","1-1/2"" x 1-1/4"" Black Pipe Reducing Coupling",,FALSE,~
~,~,~,~,~,~,~,~,~,~,~,~,~,~,"20"" DUCTWORK","20"" R-4 Flex",,FALSE,~,"1-1/2"" BLACK PIPE","1-1/2"" x 1-1/4"" Black Pipe Reducing Bushing",,FALSE,~
~,~,~,~,~,~,~,~,~,~,~,~,~,~,"20"" DUCTWORK","20"" R-8 Flex",,FALSE,~,"1-1/2"" BLACK PIPE","1-1/2"" x Closed Black Pipe Nipple",,FALSE,~
~,~,~,~,~,~,~,~,~,~,~,~,~,~,~,~,~,~,~,"1-1/2"" BLACK PIPE","1-1/2"" x Shoulder Black Pipe Nipple",,FALSE,~
~,~,~,~,~,~,~,~,~,~,~,~,~,~,"6"" DUCTWORK","6"" Cap",,FALSE,~,"1-1/2"" BLACK PIPE","1-1/2"" x 2"" Black Pipe Nipple",,FALSE,~
~,~,~,~,~,~,~,~,~,~,~,~,~,~,"7"" DUCTWORK","7"" Cap",,FALSE,~,"1-1/2"" BLACK PIPE","1-1/2"" x 2-1/2"" Black Pipe Nipple",,FALSE,~
~,~,~,~,~,~,~,~,~,~,~,~,~,~,"8"" DUCTWORK","8"" Cap",,FALSE,~,"1-1/2"" BLACK PIPE","1-1/2"" x 3"" Black Pipe Nipple",,FALSE,~
~,~,~,~,~,~,~,~,~,~,~,~,~,~,"10"" DUCTWORK","10"" Cap",,FALSE,~,"1-1/2"" BLACK PIPE","1-1/2"" x 3-1/2"" Black Pipe Nipple",,FALSE,~
~,~,~,~,~,~,~,~,~,~,~,~,~,~,"12"" DUCTWORK","12"" Cap",,FALSE,~,"1-1/2"" BLACK PIPE","1-1/2"" x 4"" Black Pipe Nipple",,FALSE,~
~,~,~,~,~,~,~,~,~,~,~,~,~,~,"14"" DUCTWORK","14"" Cap",,FALSE,~,"1-1/2"" BLACK PIPE","1-1/2"" x 4-1/2"" Black Pipe Nipple",,FALSE,~
~,~,~,~,~,~,~,~,~,~,~,~,~,~,"16"" DUCTWORK","16"" Cap",,FALSE,~,"1-1/2"" BLACK PIPE","1-1/2"" x 5"" Black Pipe Nipple",,FALSE,~
~,~,~,~,~,~,~,~,~,~,~,~,~,~,"18"" DUCTWORK","18"" Cap",,FALSE,~,"1-1/2"" BLACK PIPE","1-1/2"" x 5-1/2"" Black Pipe Nipple",,FALSE,~
~,~,~,~,~,~,~,~,~,~,~,~,~,~,"20"" DUCTWORK","20"" Cap",,FALSE,~,"1-1/2"" BLACK PIPE","1-1/2"" x 6"" Black Pipe Nipple",,FALSE,~
~,~,~,~,~,~,~,~,~,~,~,~,~,~,~,~,~,~,~,"1-1/2"" BLACK PIPE","1-1/2"" x 8"" Black Pipe Nipple",,FALSE,~
~,~,~,~,~,~,~,~,~,~,~,~,~,~,REDUCER DUCTWORK,"18""X16"" Pipe Reducer",,FALSE,~,"1-1/2"" BLACK PIPE","1-1/2"" x 10"" Black Pipe Nipple",,FALSE,~
~,~,~,~,~,~,~,~,~,~,~,~,~,~,REDUCER DUCTWORK,"18""X14"" Pipe Reducer",,FALSE,~,"1-1/2"" BLACK PIPE","1-1/2"" x 12"" Black Pipe Nipple",,FALSE,~
~,~,~,~,~,~,~,~,~,~,~,~,~,~,REDUCER DUCTWORK,"18""X12"" Pipe Reducer",,FALSE,~,"1-1/2"" BLACK PIPE","1-1/2"" Black Pipe Run of Nipples",,FALSE,~
~,~,~,~,~,~,~,~,~,~,~,~,~,~,REDUCER DUCTWORK,"16""X14"" Pipe Reducer",,FALSE,~,~,~,~,~,~
~,~,~,~,~,~,~,~,~,~,~,~,~,~,REDUCER DUCTWORK,"16""X12"" Pipe Reducer",,FALSE,~,"2"" BLACK PIPE","2"" Black Pipe Threaded Ball Valve",,FALSE,~
~,~,~,~,~,~,~,~,~,~,~,~,~,~,REDUCER DUCTWORK,"16""X10 Pipe Reducer",,FALSE,~,"2"" BLACK PIPE","2"" Black Pipe Coupling",,FALSE,~
~,~,~,~,~,~,~,~,~,~,~,~,~,~,REDUCER DUCTWORK,"14""X12"" Pipe Reducer",,FALSE,~,"2"" BLACK PIPE","2"" Black Pipe 90",,FALSE,~
~,~,~,~,~,~,~,~,~,~,~,~,~,~,REDUCER DUCTWORK,"14""X10"" Pipe Reducer",,FALSE,~,"2"" BLACK PIPE","2"" Black Pipe Street 90",,FALSE,~
~,~,~,~,~,~,~,~,~,~,~,~,~,~,REDUCER DUCTWORK,"14""X8"" Pipe Reducer",,FALSE,~,"2"" BLACK PIPE","2"" Black Pipe 45",,FALSE,~
~,~,~,~,~,~,~,~,~,~,~,~,~,~,REDUCER DUCTWORK,"12""X10"" Pipe Reducer",,FALSE,~,"2"" BLACK PIPE","2"" Black Pipe Street 45",,FALSE,~
~,~,~,~,~,~,~,~,~,~,~,~,~,~,REDUCER DUCTWORK,"12""X8"" Pipe Reducer",,FALSE,~,"2"" BLACK PIPE","2"" Black Pipe Tee",,FALSE,~
~,~,~,~,~,~,~,~,~,~,~,~,~,~,REDUCER DUCTWORK,"12""X7"" Pipe Reducer",,FALSE,~,"2"" BLACK PIPE","2"" Black Pipe Union",,FALSE,~
~,~,~,~,~,~,~,~,~,~,~,~,~,~,REDUCER DUCTWORK,"10""X8"" Pipe Reducer",,FALSE,~,"2"" BLACK PIPE","2"" Black Pipe Cap",,FALSE,~
~,~,~,~,~,~,~,~,~,~,~,~,~,~,REDUCER DUCTWORK,"10""X7"" Pipe Reducer",,FALSE,~,"2"" BLACK PIPE","2"" Black Pipe Plug",,FALSE,~
~,~,~,~,~,~,~,~,~,~,~,~,~,~,REDUCER DUCTWORK,"10""X6"" Pipe Reducer",,FALSE,~,"2"" BLACK PIPE","2"" x 1/2"" Black Pipe Reducing Coupling",,FALSE,~
~,~,~,~,~,~,~,~,~,~,~,~,~,~,~,~,~,~,~,"2"" BLACK PIPE","2"" x 1/2"" Black Pipe Reducing Bushing",,FALSE,~
~,~,~,~,~,~,~,~,~,~,~,~,~,~,FLUE MATERIAL,"4"" Smoke Pipe (Linear Feet)",,FALSE,~,"2"" BLACK PIPE","2"" x 3/4"" Black Pipe Reducing Coupling",,FALSE,~
~,~,~,~,~,~,~,~,~,~,~,~,~,~,FLUE MATERIAL,"4"" Smoke 90",,FALSE,~,"2"" BLACK PIPE","2"" x 3/4"" Black Pipe Reducing Bushing",,FALSE,~
~,~,~,~,~,~,~,~,~,~,~,~,~,~,FLUE MATERIAL,"4"" Smoke Tee",,FALSE,~,"2"" BLACK PIPE","2"" x 1"" Black Pipe Reducing Coupling",,FALSE,~
~,~,~,~,~,~,~,~,~,~,~,~,~,~,FLUE MATERIAL,"5"" Smoke Pipe (Linear Feet)",,FALSE,~,"2"" BLACK PIPE","2"" x 1"" Black Pipe Reducing Bushing",,FALSE,~
~,~,~,~,~,~,~,~,~,~,~,~,~,~,FLUE MATERIAL,"5"" Smoke 90",,FALSE,~,"2"" BLACK PIPE","2"" x 1-1/4"" Black Pipe Reducing Coupling",,FALSE,~
~,~,~,~,~,~,~,~,~,~,~,~,~,~,FLUE MATERIAL,"5"" Smoke Tee",,FALSE,~,"2"" BLACK PIPE","2"" x 1-1/4"" Black Pipe Reducing Bushing",,FALSE,~
~,~,~,~,~,~,~,~,~,~,~,~,~,~,FLUE MATERIAL,"6"" Smoke Pipe (Linear Feet)",,FALSE,~,"2"" BLACK PIPE","2"" x 1-1/2"" Black Pipe Reducing Coupling",,FALSE,~
~,~,~,~,~,~,~,~,~,~,~,~,~,~,FLUE MATERIAL,"6"" Smoke 90",,FALSE,~,"2"" BLACK PIPE","2"" x 1-1/2"" Black Pipe Reducing Bushing",,FALSE,~
~,~,~,~,~,~,~,~,~,~,~,~,~,~,FLUE MATERIAL,"6"" Smoke Tee",,FALSE,~,"2"" BLACK PIPE","2"" x Closed Black Pipe Nipple",,FALSE,~
~,~,~,~,~,~,~,~,~,~,~,~,~,~,FLUE MATERIAL,"7"" Smoke Pipe (Linear Feet)",,FALSE,~,"2"" BLACK PIPE","2"" x Shoulder Black Pipe Nipple",,FALSE,~
~,~,~,~,~,~,~,~,~,~,~,~,~,~,FLUE MATERIAL,"7"" Smoke 90",,FALSE,~,"2"" BLACK PIPE","2"" x 2"" Black Pipe Nipple",,FALSE,~
~,~,~,~,~,~,~,~,~,~,~,~,~,~,FLUE MATERIAL,"7"" Smoke Tee",,FALSE,~,"2"" BLACK PIPE","2"" x 2-1/2"" Black Pipe Nipple",,FALSE,~
~,~,~,~,~,~,~,~,~,~,~,~,~,~,FLUE MATERIAL,"8"" Smoke Pipe (Linear Feet)",,FALSE,~,"2"" BLACK PIPE","2"" x 3"" Black Pipe Nipple",,FALSE,~
~,~,~,~,~,~,~,~,~,~,~,~,~,~,FLUE MATERIAL,"8"" Smoke 90",,FALSE,~,"2"" BLACK PIPE","2"" x 3-1/2"" Black Pipe Nipple",,FALSE,~
~,~,~,~,~,~,~,~,~,~,~,~,~,~,FLUE MATERIAL,"8"" Smoke Tee",,FALSE,~,"2"" BLACK PIPE","2"" x 4"" Black Pipe Nipple",,FALSE,~
~,~,~,~,~,~,~,~,~,~,~,~,~,~,FLUE MATERIAL,"8""x7"" Reducer",,FALSE,~,"2"" BLACK PIPE","2"" x 4-1/2"" Black Pipe Nipple",,FALSE,~
~,~,~,~,~,~,~,~,~,~,~,~,~,~,FLUE MATERIAL,"8""x6"" Reducer",,FALSE,~,"2"" BLACK PIPE","2"" x 5"" Black Pipe Nipple",,FALSE,~
~,~,~,~,~,~,~,~,~,~,~,~,~,~,FLUE MATERIAL,"8""x5"" Reducer",,FALSE,~,"2"" BLACK PIPE","2"" x 5-1/2"" Black Pipe Nipple",,FALSE,~
~,~,~,~,~,~,~,~,~,~,~,~,~,~,FLUE MATERIAL,"8""x4"" Reducer",,FALSE,~,"2"" BLACK PIPE","2"" x 6"" Black Pipe Nipple",,FALSE,~
~,~,~,~,~,~,~,~,~,~,~,~,~,~,FLUE MATERIAL,"7""x6"" Reducer",,FALSE,~,"2"" BLACK PIPE","2"" x 8"" Black Pipe Nipple",,FALSE,~
~,~,~,~,~,~,~,~,~,~,~,~,~,~,FLUE MATERIAL,"7""x5"" Reducer",,FALSE,~,"2"" BLACK PIPE","2"" x 10"" Black Pipe Nipple",,FALSE,~
~,~,~,~,~,~,~,~,~,~,~,~,~,~,FLUE MATERIAL,"7""x4"" Reducer",,FALSE,~,"2"" BLACK PIPE","2"" x 12"" Black Pipe Nipple",,FALSE,~
~,~,~,~,~,~,~,~,~,~,~,~,~,~,FLUE MATERIAL,"6""x5"" Reducer",,FALSE,~,"2"" BLACK PIPE","2"" Black Pipe Run of Nipples",,FALSE,~
~,~,~,~,~,~,~,~,~,~,~,~,~,~,FLUE MATERIAL,"6""x4"" Reducer",,FALSE,~,~,~,~,~,~
~,~,~,~,~,~,~,~,~,~,~,~,~,~,FLUE MATERIAL,"5""x4"" Reducer",,FALSE,~,COPPER PIPE,"1/2"" Copper M Pipe",,FALSE,~
~,~,~,~,~,~,~,~,~,~,~,~,~,~,FLUE MATERIAL,"2"" Concentric",,FALSE,~,COPPER PIPE,"1/2"" Copper L Pipe",,FALSE,~
~,~,~,~,~,~,~,~,~,~,~,~,~,~,FLUE MATERIAL,"3"" Concentric",,FALSE,~,COPPER PIPE,"3/4"" Copper M Pipe",,FALSE,~
~,~,~,~,~,~,~,~,~,~,~,~,~,~,FLUE MATERIAL,"4"" Concentric",,FALSE,~,COPPER PIPE,"3/4"" Copper L Pipe",,FALSE,~
~,~,~,~,~,~,~,~,~,~,~,~,~,~,~,~,~,~,~,COPPER PIPE,"1"" Copper M Pipe",,FALSE,~
~,~,~,~,~,~,~,~,~,~,~,~,~,~,FLOOR REGISTERS,12x4 Wood Fl. Drop In Grille,,FALSE,~,COPPER PIPE,"1"" Copper L Pipe",,FALSE,~
~,~,~,~,~,~,~,~,~,~,~,~,~,~,FLOOR REGISTERS,12x6 Wood Fl. Drop In Grille,,FALSE,~,COPPER PIPE,"1-1/4"" Copper M Pipe",,FALSE,~
~,~,~,~,~,~,~,~,~,~,~,~,~,~,FLOOR REGISTERS,14x4 Wood Fl. Drop In Grille,,FALSE,~,COPPER PIPE,"1-1/4"" Copper L Pipe",,FALSE,~
~,~,~,~,~,~,~,~,~,~,~,~,~,~,FLOOR REGISTERS,14x6 Wood Fl. Drop In Grille,,FALSE,~,COPPER PIPE,"1-1/2"" Copper M Pipe",,FALSE,~
~,~,~,~,~,~,~,~,~,~,~,~,~,~,FLOOR REGISTERS,12x4 Wood Fl. Flush Grille,,FALSE,~,COPPER PIPE,"1-1/2"" Copper L Pipe",,FALSE,~
~,~,~,~,~,~,~,~,~,~,~,~,~,~,FLOOR REGISTERS,12x6 Wood Fl. Flush Grille,,FALSE,~,COPPER PIPE,"2"" Copper M Pipe",,FALSE,~
~,~,~,~,~,~,~,~,~,~,~,~,~,~,FLOOR REGISTERS,14x4 Wood Fl. Flush Grille,,FALSE,~,COPPER PIPE,"2"" Copper L Pipe",,FALSE,~
~,~,~,~,~,~,~,~,~,~,~,~,~,~,FLOOR REGISTERS,14x6 Wood Fl. Flush Grille,,FALSE,~,~,~,~,~,~
~,~,~,~,~,~,~,~,~,~,~,~,~,~,FLOOR REGISTERS,12x4 Brown Metal Fl. Grille,,FALSE,~,"1/2"" PRO PRESS","1/2"" Pro Press Coupling",,FALSE,~
~,~,~,~,~,~,~,~,~,~,~,~,~,~,FLOOR REGISTERS,12x6 Brown Metal Fl. Grille,,FALSE,~,"1/2"" PRO PRESS","1/2"" Pro Press 90",,FALSE,~
~,~,~,~,~,~,~,~,~,~,~,~,~,~,FLOOR REGISTERS,14x4 Brown Metal Fl. Grille,,FALSE,~,"1/2"" PRO PRESS","1/2"" Pro Press Street 90",,FALSE,~
~,~,~,~,~,~,~,~,~,~,~,~,~,~,FLOOR REGISTERS,14x6 Brown Metal Fl. Grille,,FALSE,~,"1/2"" PRO PRESS","1/2"" Pro Press 45",,FALSE,~
~,~,~,~,~,~,~,~,~,~,~,~,~,~,FLOOR REGISTERS,12x4 White Metal Fl. Grille,,FALSE,~,"1/2"" PRO PRESS","1/2"" Pro Press Street 45",,FALSE,~
~,~,~,~,~,~,~,~,~,~,~,~,~,~,FLOOR REGISTERS,12x6 White Metal Fl. Grille,,FALSE,~,"1/2"" PRO PRESS","1/2"" Pro Press Tee",,FALSE,~
~,~,~,~,~,~,~,~,~,~,~,~,~,~,FLOOR REGISTERS,14x4 White Metal Fl. Grille,,FALSE,~,"1/2"" PRO PRESS","1/2"" Pro Press Male Adaptor",,FALSE,~
~,~,~,~,~,~,~,~,~,~,~,~,~,~,FLOOR REGISTERS,14x6 White Metal Fl. Grille,,FALSE,~,"1/2"" PRO PRESS","1/2"" Pro Press Female Adaptor",,FALSE,~
~,~,~,~,~,~,~,~,~,~,~,~,~,~,~,~,~,~,~,"1/2"" PRO PRESS","1/2"" Pro Press Cap",,FALSE,~
~,~,~,~,~,~,~,~,~,~,~,~,~,~,DIFFUSERS,6x6 1 Way (White),,FALSE,~,"1/2"" PRO PRESS","1/2"" Pro Press Ball Valve",,FALSE,~
~,~,~,~,~,~,~,~,~,~,~,~,~,~,DIFFUSERS,6x6 2 Way Corner (White),,FALSE,~,~,~,~,~,~
~,~,~,~,~,~,~,~,~,~,~,~,~,~,DIFFUSERS,6x6 2 Way Opposed (White),,FALSE,~,"3/4"" PRO PRESS","3/4"" Pro Press Coupling",,FALSE,~
~,~,~,~,~,~,~,~,~,~,~,~,~,~,DIFFUSERS,6x6 3 Way (White),,FALSE,~,"3/4"" PRO PRESS","3/4"" Pro Press 90",,FALSE,~
~,~,~,~,~,~,~,~,~,~,~,~,~,~,DIFFUSERS,6x6 4 Way (White),,FALSE,~,"3/4"" PRO PRESS","3/4"" Pro Press Street 90",,FALSE,~
~,~,~,~,~,~,~,~,~,~,~,~,~,~,DIFFUSERS,8x8 1 Way (White),,FALSE,~,"3/4"" PRO PRESS","3/4"" Pro Press 45",,FALSE,~
~,~,~,~,~,~,~,~,~,~,~,~,~,~,DIFFUSERS,8x8 2 Way Corner (White),,FALSE,~,"3/4"" PRO PRESS","3/4"" Pro Press Street 45",,FALSE,~
~,~,~,~,~,~,~,~,~,~,~,~,~,~,DIFFUSERS,8x8 2 Way Opposed (White),,FALSE,~,"3/4"" PRO PRESS","3/4"" Pro Press Tee",,FALSE,~
~,~,~,~,~,~,~,~,~,~,~,~,~,~,DIFFUSERS,8x8 3 Way (White),,FALSE,~,"3/4"" PRO PRESS","3/4"" Pro Press Male Adaptor",,FALSE,~
~,~,~,~,~,~,~,~,~,~,~,~,~,~,DIFFUSERS,8x8 4 Way (White),,FALSE,~,"3/4"" PRO PRESS","3/4"" Pro Press Female Adaptor",,FALSE,~
~,~,~,~,~,~,~,~,~,~,~,~,~,~,DIFFUSERS,10x10 1 Way (White),,FALSE,~,"3/4"" PRO PRESS","3/4"" Pro Press Cap",,FALSE,~
~,~,~,~,~,~,~,~,~,~,~,~,~,~,DIFFUSERS,10x10 2 Way Corner (White),,FALSE,~,"3/4"" PRO PRESS","3/4"" Pro Press Ball Valve",,FALSE,~
~,~,~,~,~,~,~,~,~,~,~,~,~,~,DIFFUSERS,10x10 2 Way Opposed (White),,FALSE,~,"3/4"" PRO PRESS","3/4"" x 1/2"" Pro Press Reducing Coupling",,FALSE,~
~,~,~,~,~,~,~,~,~,~,~,~,~,~,DIFFUSERS,10x10 3 Way (White),,FALSE,~,"3/4"" PRO PRESS","3/4"" x 1/2"" x 1/2"" Pro Press Tee",,FALSE,~
~,~,~,~,~,~,~,~,~,~,~,~,~,~,DIFFUSERS,10x10 4 Way (White),,FALSE,~,"3/4"" PRO PRESS","3/4"" Pro Press Circulator Flanges With Valve",,FALSE,~
~,~,~,~,~,~,~,~,~,~,~,~,~,~,DIFFUSERS,12x12 1 Way (White),,FALSE,~,"3/4"" PRO PRESS","3/4"" Pro Press Purge Tee",,FALSE,~
~,~,~,~,~,~,~,~,~,~,~,~,~,~,DIFFUSERS,12x12 2 Way Corner (White),,FALSE,~,~,~,~,~,~
~,~,~,~,~,~,~,~,~,~,~,~,~,~,DIFFUSERS,12x12 2 Way Opposed (White),,FALSE,~,"1"" PRO PRESS","1"" Pro Press Coupling",,FALSE,~
~,~,~,~,~,~,~,~,~,~,~,~,~,~,DIFFUSERS,12x12 3 Way (White),,FALSE,~,"1"" PRO PRESS","1"" Pro Press 90",,FALSE,~
~,~,~,~,~,~,~,~,~,~,~,~,~,~,DIFFUSERS,12x12 4 Way (White),,FALSE,~,"1"" PRO PRESS","1"" Pro Press Street 90",,FALSE,~
~,~,~,~,~,~,~,~,~,~,~,~,~,~,DIFFUSERS,6x6 1 Way (Brown),,FALSE,~,"1"" PRO PRESS","1"" Pro Press 45",,FALSE,~
~,~,~,~,~,~,~,~,~,~,~,~,~,~,DIFFUSERS,6x6 2 Way Corner (Brown),,FALSE,~,"1"" PRO PRESS","1"" Pro Press Street 45",,FALSE,~
~,~,~,~,~,~,~,~,~,~,~,~,~,~,DIFFUSERS,6x6 2 Way Opposed (Brown),,FALSE,~,"1"" PRO PRESS","1"" Pro Press Tee",,FALSE,~
~,~,~,~,~,~,~,~,~,~,~,~,~,~,DIFFUSERS,6x6 3 Way (Brown),,FALSE,~,"1"" PRO PRESS","1"" Pro Press Male Adaptor",,FALSE,~
~,~,~,~,~,~,~,~,~,~,~,~,~,~,DIFFUSERS,6x6 4 Way (Brown),,FALSE,~,"1"" PRO PRESS","1"" Pro Press Female Adaptor",,FALSE,~
~,~,~,~,~,~,~,~,~,~,~,~,~,~,DIFFUSERS,8x8 1 Way (Brown),,FALSE,~,"1"" PRO PRESS","1"" Pro Press Cap",,FALSE,~
~,~,~,~,~,~,~,~,~,~,~,~,~,~,DIFFUSERS,8x8 2 Way Corner (Brown),,FALSE,~,"1"" PRO PRESS","1"" Pro Press Ball Valve",,FALSE,~
~,~,~,~,~,~,~,~,~,~,~,~,~,~,DIFFUSERS,8x8 2 Way Opposed (Brown),,FALSE,~,"1"" PRO PRESS","1"" x 1/2"" Pro Press Reducing Coupling",,FALSE,~
~,~,~,~,~,~,~,~,~,~,~,~,~,~,DIFFUSERS,8x8 3 Way (Brown),,FALSE,~,"1"" PRO PRESS","1"" x 3/4"" Pro Press Reducing Coupling",,FALSE,~
~,~,~,~,~,~,~,~,~,~,~,~,~,~,DIFFUSERS,8x8 4 Way (Brown),,FALSE,~,"1"" PRO PRESS","1"" x 3/4"" x 3/4"" Pro Press Tee",,FALSE,~
~,~,~,~,~,~,~,~,~,~,~,~,~,~,DIFFUSERS,10x10 1 Way (Brown),,FALSE,~,"1"" PRO PRESS","1"" Pro Press Circulator Flanges With Valve",,FALSE,~
~,~,~,~,~,~,~,~,~,~,~,~,~,~,DIFFUSERS,10x10 2 Way Corner (Brown),,FALSE,~,"1"" PRO PRESS","1"" Pro Press Purge Tee",,FALSE,~
~,~,~,~,~,~,~,~,~,~,~,~,~,~,DIFFUSERS,10x10 2 Way Opposed (Brown),,FALSE,~,~,~,~,~,~
~,~,~,~,~,~,~,~,~,~,~,~,~,~,DIFFUSERS,10x10 3 Way (Brown),,FALSE,~,"1-1/4"" PRO PRESS","1-1/4"" Pro Press Coupling",,FALSE,~
~,~,~,~,~,~,~,~,~,~,~,~,~,~,DIFFUSERS,10x10 4 Way (Brown),,FALSE,~,"1-1/4"" PRO PRESS","1-1/4"" Pro Press 90",,FALSE,~
~,~,~,~,~,~,~,~,~,~,~,~,~,~,DIFFUSERS,12x12 1 Way (Brown),,FALSE,~,"1-1/4"" PRO PRESS","1-1/4"" Pro Press Street 90",,FALSE,~
~,~,~,~,~,~,~,~,~,~,~,~,~,~,DIFFUSERS,12x12 2 Way Corner (Brown),,FALSE,~,"1-1/4"" PRO PRESS","1-1/4"" Pro Press 45",,FALSE,~
~,~,~,~,~,~,~,~,~,~,~,~,~,~,DIFFUSERS,12x12 2 Way Opposed (Brown),,FALSE,~,"1-1/4"" PRO PRESS","1-1/4"" Pro Press Street 45",,FALSE,~
~,~,~,~,~,~,~,~,~,~,~,~,~,~,DIFFUSERS,12x12 3 Way (Brown),,FALSE,~,"1-1/4"" PRO PRESS","1-1/4"" Pro Press Tee",,FALSE,~
~,~,~,~,~,~,~,~,~,~,~,~,~,~,DIFFUSERS,12x12 4 Way (Brown),,FALSE,~,"1-1/4"" PRO PRESS","1-1/4"" Pro Press Male Adaptor",,FALSE,~
~,~,~,~,~,~,~,~,~,~,~,~,~,~,~,~,~,~,~,"1-1/4"" PRO PRESS","1-1/4"" Pro Press Female Adaptor",,FALSE,~
~,~,~,~,~,~,~,~,~,~,~,~,~,~,MV GRILLES,MV4 (6-8),,FALSE,~,"1-1/4"" PRO PRESS","1-1/4"" Pro Press Cap",,FALSE,~
~,~,~,~,~,~,~,~,~,~,~,~,~,~,MV GRILLES,MV3 (6-8),,FALSE,~,"1-1/4"" PRO PRESS","1-1/4"" Pro Press Ball Valve",,FALSE,~
~,~,~,~,~,~,~,~,~,~,~,~,~,~,MV GRILLES,MV2 (6-8),,FALSE,~,"1-1/4"" PRO PRESS","1-1/4"" x 1/2"" Pro Press Reducing Coupling",,FALSE,~
~,~,~,~,~,~,~,~,~,~,~,~,~,~,MV GRILLES,MVE (6-8) Return,,FALSE,~,"1-1/4"" PRO PRESS","1-1/4"" x 3/4"" Pro Press Reducing Coupling",,FALSE,~
~,~,~,~,~,~,~,~,~,~,~,~,~,~,MV GRILLES,MV4S (4-6),,FALSE,~,"1-1/4"" PRO PRESS","1-1/4"" x 1"" Pro Press Reducing Coupling",,FALSE,~
~,~,~,~,~,~,~,~,~,~,~,~,~,~,MV GRILLES,MV3S (4-6),,FALSE,~,"1-1/4"" PRO PRESS","1-1/4"" x 3/4"" x 3/4"" Pro Press Tee",,FALSE,~
~,~,~,~,~,~,~,~,~,~,~,~,~,~,MV GRILLES,MV2S (4-6),,FALSE,~,"1-1/4"" PRO PRESS","1-1/4"" x 1"" x 1"" Pro Press Tee",,FALSE,~
~,~,~,~,~,~,~,~,~,~,~,~,~,~,MV GRILLES,MVES (4-6) Return,,FALSE,~,"1-1/4"" PRO PRESS","1-1/4"" Pro Press Circulator Flanges With Valve",,FALSE,~
~,~,~,~,~,~,~,~,~,~,~,~,~,~,~,~,~,~,~,"1-1/4"" PRO PRESS","1-1/4"" Pro Press Purge Tee",,FALSE,~
~,~,~,~,~,~,~,~,~,~,~,~,~,~,WALL/CEILING REGISTERS,10x6 White,,FALSE,~,~,~,~,~,~
