"A/C-Renew, Unpressurized Can"
"1/2"" ACR 45's"
"1/2"" ACR 90's"
"1/2"" ACR Couplings"
"1/2"" ACR Street 45's"
"1/2"" ACR Street 90's"
"3/4"" ACR 45's"
"3/4"" ACR 90's"
"3/4"" ACR Couplings"
"3/4"" ACR Street 45's"
"3/4"" ACR Street 90's"
"3/4""x1-1/8"" ACR Reducers"
"3/4""x7/8"" ACR Reducers"
"3/8"" ACR 90's"
"3/8"" ACR Couplings"
"3/8""x1/2"" ACR Reducers"
"3/8""x1/4"" ACR Reducers"
"5/8"" ACR 45's"
"5/8"" ACR 90's"
"5/8"" ACR Couplings"
"5/8"" ACR Street 45's"
"5/8"" ACR Street 90's"
"5/8""x3/4"" ACR Reducers"
"5/8""x7/8"" ACR Reducers"
"7/8"" ACR 45's"
"7/8"" ACR 90's"
"7/8"" ACR Couplings"
"7/8"" ACR Street 45's"
"7/8"" ACR Street 90's"
"7/8""x1-1/8"" ACR Reducers"
Resideo PV Series Supervent Air Eliminator
"1"" Spirovent Jr. Air Eliminator"
"Spirovent Junior Threaded 1-1/2"" Air Eliminator"
"Spirovent Junior Threaded 3/4"" Air Eliminator"
Robertshaw Universal Air Pressure Sensing Switch Kit
Field Controls UV-Aire
Global Plasma Solutions GPS-2400 Air Cleaner
HALO-LED Whole Home Air Purifier
HALO-ZERO
Honeywell Air Purifier (24V)
Micro Defense UV Air Treatment System
REME-HALO Replacement Cell
RGF Bi-Polar ClearSky
RGF Quad-Polar ClearSkyMS
Wireless Outdoor Temperature Sensor for T10+ Thermostat
"Resideo PV150 1-1/2"" NPT Air Separator"
"Webstone H-78006 1-1/2"" Press Air Separator"
1013802 - Honeywell OEM Furnace Replacement Air Pressure Switch
Resideo S688A1007 Sail Switch Air Flow Switch
Varivalve Adjustable Angle Air Valve
AprilAire Automatic Digital Humidifier Control for Model 800
FanHandler Continous Modulating Air Circulation
Fresh Air Ventilation Control
"Taco 1/8"" Air Vent"
"#10 x 1-1/4"" Plastic Anchor Kit For Sheet Rock With Screws and Masonry Bit"
"Bock Aquastat L4080B-1352, 21575"
Aquastat Relay E1265
Honeywell Universal Electronic Aquastat
Hydrostat 3250-Plus
Hydrostat Communicating Controller
L6006A 1145 Aquastat Controller
L6006C1018 Aquastat Controller
L6008A 1192 Aquastat Controller
"Thermostat(Aquatstat), Hot Water Heater, 24V, 110-160 Range, 5-20 Differential, No Well"
Triple Aquastat Relay A1007
Triple Aquastat Relay A1015
Triple Aquastat Relay C1003
"Taco 1/2"" Boiler Feed Valve / Backflow Preventer"
"Watts 1/2"" Backflow Preventer w/Atmospheric Vent"
"Watts 1/2"" Backflow Preventer/Boiler Feed Valve"
"4 Wing 5.5"" Diameter Motor Bracket Kit Belly Band"
"Mars 5-5/8"" Diameter Mounting Bracket Belly Band"
"US Motors 4.8"" Mtr. Torsion Mount Belly Band"
"1-1/2"" Black Pipe Cap"
"1-1/2"" x 1-1/4"" x 1-1/4"" Black Pipe Tee"
"1-1/2"" x 1"" x 1-1/2"" Black Pipe Reducing Tee"
"1-1/2"" x 1/2"" Black Bushing"
"1-1/2"" x 2"" Black Pipe Nipple"
"1-1/2"" x 3-1/2"" Black Pipe Nipple"
"1-1/2"" x 3/4"" Black Bushing"
"1-1/2"" x 5"" Black Pipe Nipple"
"1-1/4"" Black Pipe 90 Elbow"
"1-1/4"" Black Pipe Cap"
"1-1/4"" Black Pipe Plug"
"1-1/4"" Black Pipe Street 90 Elbow"
"1-1/4"" Black Pipe Tee"
"1-1/4"" x 1"" Black Bushing"
"1-1/4"" x 1"" Black Pipe Reducer"
"1-1/4"" x 1"" Black Pipe Reducer 90 Elbow"
"1-1/4"" x 18"" Black Pipe Nipple"
"1-1/4"" x 2"" Black Pipe Nipple"
"1-1/4"" x 3"" Black Pipe Nipple"
"1-1/4"" x 3/4"" x 1-1/4"" Black Pipe Reducing Tee"
"1-1/4"" x 6"" Black Pipe Nipple"
"1-1/4"" x 8"" Black Pipe Nipple"
"1"" Black Pipe 90 Elbow"
"1"" Black Pipe Cap"
"1"" Black Pipe Coupling"
"1"" Black Pipe Plug"
"1"" Black Pipe Street 90 Elbow"
"1"" Black Pipe Tees"
"1"" Black Pipe Union"
"1"" x 1 1/2"" Black Pipe Nipple"
"1"" x 1/2"" Black Bushing"
"1"" x 1/2"" Black Pipe Reducer"
"1"" x 2 1/2"" Black Pipe Nipple"
"1"" x 2"" Black Pipe Nipple"
"1"" x 3 1/2"" Black Pipe Nipple"
"1"" x 3"" Black Pipe Nipple"
"1"" x 3/4"" Black Pipe Reducer"
"1"" x 3/4"" x 3/4"" Black Pipe Reducing Tee"
"1"" x 4 1/2"" Black Pipe Nipple"
"1"" x 4"" Black Pipe Nipple"
"1"" x 5 1/2"" Black Pipe Nipple"
"1"" x 5"" Black Pipe Nipple"
"1"" x 6"" Black Pipe Nipple"
"1/2"" Black Pipe 45 Elbows"
"1/2"" Black Pipe 90 Elbows"
"1/2"" Black Pipe Ball Valves"
"1/2"" Black Pipe Caps"
"1/2"" Black Pipe Couplings"
"1/2"" Black Pipe Plug"
"1/2"" Black Pipe Street 90s"
"1/2"" Black Pipe Tees"
"1/2"" Black Pipe Unions"
"1/2"" x 1-1/2"" Black Pipe Nipples"
"1/2"" x 1"" Black Pipe Nipples"
"1/2"" x 1/2"" Black Pipe Nipple"
"1/2"" x 2 1/2"" Black Pipe Nipple"
"1/2"" x 2"" Black Pipe Nipples"
"1/2"" x 3 1/2"" Black Pipe Nipple"
"1/2"" x 3"" Black Pipe Nipple"
"1/2"" x 4 1/2"" Black Pipe Nipple"
"1/2"" x 4"" Black Pipe Nipple"
"1/2"" x 5 1/2"" Black Pipe Nipple"
"1/2"" x 5"" Black Pipe Nipple"
"1/2"" x 6"" Black Pipe Nipple"
"1/4"" Black Pipe 45 Elbows"
"1/4"" Black Pipe 90 Elbow"
"1/4"" Black Pipe Coupling"
"1/4"" Black Pipe Tee"
"1/4"" Black Pipe Union"
"1/4"" x 2"" Black Pipe Nipple"
"1/4"" x 3"" Black Pipe Nipple"
"1/4"" x 4"" Black Pipe Nipple"
"1/4"" x 5"" Black Pipe Nipple"
"2"" Black Pipe Couplings"
"2"" Black Pipe Plug"
"2"" Black Pipe Tee"
"2"" x 1-1/2"" Black Bushing"
"2"" x 2"" x 1"" Black Pipe Reducing Tee"
"2"" x 2"" x 3/4"" Black Pipe Reducing Tee"
"3/4"" Black Pipe 45 Elbow"
"3/4"" Black Pipe 90 Elbow"
"3/4"" Black Pipe Ball Valves"
"3/4"" Black Pipe Cap"
"3/4"" Black Pipe Coupling"
"3/4"" Black Pipe Plug"
"3/4"" Black Pipe Street 45 Elbow"
"3/4"" Black Pipe Street 90 Elbow"
"3/4"" Black Pipe Tee"
"3/4"" Black Pipe Union"
"3/4"" x 1 1/2"" Black Pipe Nipple"
"3/4"" x 1/2"" Black Bushing"
"3/4"" x 1/2"" Black Pipe Reducer"
"3/4"" x 2 1/2"" Black Pipe Nipple"
"3/4"" x 2"" Black Pipe Nipple"
"3/4"" x 3 1/2"" Black Pipe Nipple"
"3/4"" x 3"" Black Pipe Nipple"
"3/4"" x 4 1/2"" Black Pipe Nipple"
"3/4"" x 4"" Black Pipe Nipple"
"3/4"" x 5 1/2"" Black Pipe Nipple"
"3/4"" x 5"" Black Pipe Nipple"
"3/4"" x 6"" Black Pipe Nipple"
"3/8"" Black Pipe 90 Elbows"
"3/8"" Black Pipe Couplings"
"3/8"" Black Pipe Unions"
Carrier HD46AR233 Genteq Evergreen 3/4 HP 230 Volt Replacement X-13 Furnace Blower Motor
"Mars 5"" Motor Bracket w/ Grommet"
Mitsubishi Electric E22J44300 Indoor Fan Motor
"Multi-HP Direct Drive Furnace Blower Motor (1/5 to 3/4 HP, 115V, 1075 RPM)"
"Multi-HP Direct Drive Furnace Blower Motor (1/5 to 3/4 HP, 230V, 1075 RPM)"
WG840463 Direct Drive Blower Motor 115VAC
WG840464 Direct Drive Blower Motor 208-230VAC
WG840467 Blower Direct Drive Motor 208-230VAC
WG840468 Condenser Fan Motor 208-230VAC 1/2-1/5HP
"Beckett 4-1/4"" x 2-1/2"" AFG Blower Wheel 2999U"
Factory Authorized Parts Blower Wheel
"1/2"" Boiler Drain"
"3/4"" Boiler Drain"
"1-1/2"" Brass 45 Elbows"
"1-1/2"" Brass 90 Elbows"
"1-1/2"" Brass Ball Valve"
"1-1/2"" Brass Couplings"
"1-1/2"" Brass Pro Press Ball Valves"
"1-1/2"" Brass Spring Check Valve"
"1-1/2"" Brass Tees"
"1-1/2"" Brass Unions"
"1-1/2"" x 1-1/2"" Brass Nipples"
"1-1/2"" x 1-1/4"" Brass Bushing"
"1-1/2"" x 1-1/4"" Brass Reducers"
"1-1/2"" x 1"" Brass Bushing"
"1-1/2"" x 1/2"" Brass Bushing"
"1-1/2"" x 2-1/2"" Brass Nipples"
"1-1/2"" x 2"" Brass Nipples"
"1-1/2"" x 3"" Brass Nipples"
"1-1/2"" x 4"" Brass Nipples"
"1-1/2"" x 5-1/2"" Brass Nipples"
"1-1/2"" x 5"" Brass Nipples"
"1-1/2"" x 6"" Brass Nipples"
"1-1/4"" Brass 45 Elbows"
"1-1/4"" Brass 90 Elbows"
"1-1/4"" Brass Ball Valves"
"1-1/4"" Brass Couplings"
"1-1/4"" Brass Plugs"
"1-1/4"" Brass Spring Check Valve"
"1-1/4"" Brass Tees"
"1-1/4"" Brass Unions"
"1-1/4"" Brass Y-Strainer (Brass Strainer)"
"1-1/4"" x 1-1/2"" Brass Nipples"
"1-1/4"" x 1-1/4"" Brass Nipples"
"1-1/4"" x 1"" Brass Bushing"
"1-1/4"" x 1"" Brass Reducers"
"1-1/4"" x 1/2"" Brass Bushing"
"1-1/4"" x 2-1/2"" Brass Nipples"
"1-1/4"" x 2"" Brass Nipples"
"1-1/4"" x 3"" Brass Nipples"
"1-1/4"" x 3/4"" Brass Bushing"
"1-1/4"" x 4"" Brass Nipples"
"1-1/4"" x 5-1/2"" Brass Nipples"
"1-1/4"" x 5"" Brass Nipples"
"1"" Brass 45 Elbows"
"1"" Brass 90 Elbows"
"1"" Brass Ball Valves"
"1"" Brass Caps"
"1"" Brass Couplings"
"1"" Brass Plugs"
"1"" Brass Tees"
"1"" Brass Unions"
"1"" Male x Hose Barb Brass Adapters"
"1"" Swivel x 1"" Male Adapter (Pack of 2)"
"1"" x 1"" Brass Nipples"
"1"" x 1/2"" Brass Bushing"
"1"" x 1/2"" Brass Reducers"
"1"" x 2-1/2"" Brass Nipples"
"1"" x 2"" Brass Nipples"
"1"" x 3-1/2"" Brass Nipples"
"1"" x 3"" Brass Nipples"
"1"" x 3/4"" Brass Bushing"
"1"" x 3/4"" Brass Reducers"
"1"" x 4-1/2"" Brass Nipples"
"1"" x 4"" Brass Nipples"
"1"" x 5-1/2"" Brass Nipples"
"1"" x 5"" Brass Nipples"
"1"" x 6"" Brass Nipples"
"1/2"" Brass 45 Elbows"
"1/2"" Brass 90 Elbows"
"1/2"" Brass Ball Valves"
"1/2"" Brass Couplings"
"1/2"" Brass Tees"
"1/2"" Brass Unions"
"1/2"" x 1-1/2"" Brass Nipples"
"1/2"" x 1-1/4"" Brass Nipples"
"1/2"" x 1"" Brass Nipples"
"1/2"" x 10"" Brass Nipples"
"1/2"" x 2"" Brass Nipples"
"1/2"" x 3"" Brass Nipples"
"1/2"" x 3/8"" Brass Bushing"
"1/2"" x 4"" Brass Nipples"
"1/2"" x 6"" Brass Nipples"
"2"" Brass 45 Elbows"
"2"" Brass 90 Elbows"
"2"" Brass Ball Valve"
"2"" Brass Couplings"
"2"" Brass Plugs"
"2"" Brass Spring Check Valve"
"2"" Brass Tees"
"2"" Brass Unions"
"2"" x 1-1/2"" Brass Bushing"
"2"" x 1-1/2"" Brass Reducers"
"2"" x 1"" Brass Bushing"
"2"" x 1/2"" Brass Bushing"
"2"" x 2"" Brass Nipples"
"2"" x 3"" Brass Nipples"
"2"" x 3/4"" Brass Bushing"
"2"" x 4"" Brass Nipples"
"3/4"" Brass 45 Elbows"
"3/4"" Brass 90 Elbows"
"3/4"" Brass Ball Valves"
"3/4"" Brass Couplings"
"3/4"" Brass Tees"
"3/4"" Brass Threaded Cap"
"3/4"" x 1-1/2"" Brass Nipples"
"3/4"" x 1-1/4"" Brass Nipples"
"3/4"" x 2"" Brass Nipples"
"3/4"" x 3"" Brass Nipples"
"3/4"" x 4"" Brass Nipples"
"3/4"" x 5"" Brass Nipples"
"Brass 1"" MPT X 1"" Barb Elbow W/ PT"
Braze Rods (Pack of 100)
R4 Bubble Wrap
R4 Bubble Wrap (Partial)
R8 Bubble Wrap
R8 Bubble Wrap (Partial)
"Protectorelay Oil Burner Control with 45 seconds Lock Out Timing, R8184G4009"
Riello Primary Control Box for Gas Burners
"1/7 HP, 3450 RPM motor, designed for 115V, 60Hz power"
"1/7 HP, 3450 RPM motor, designed for 120V, 60Hz power"
Beckett AC Burner Motor 1/7 HP PSC 120VAC
Factory Authorized Parts Burners
"36"" Duct Ties (Bag of 50)"
"36"" Duct Ties (Black) (Bag of 50)"
10uF Motor Run Capacitor
12.5uF Motor Run Capacitor
15uF Motor Run Capacitor
17.5uF Motor Run Capacitor
20uF Motor Run Capacitor
2uF Motor Run Capacitor
40uF Motor Run Capacitor
5/30uF Dual Run Capacitor
5/35uF Dual Run Capacitor
5/40uF Dual Run Capacitor
5/45uF Dual Run Capacitor
5/50uF Dual Run Capacitor
5/55uF Dual Run Capacitor
5/60uF Dual Run Capacitor
5uF Motor Run Capacitor
7.5uF Motor Run Capacitor
Torque-Plus Hard Start Capacitor
Turbo 200 Universal Mini Motor Run Capacitor
Turbo 200 Universal Motor Run Capacitor
Turbo 200 Universal Oval Capacitor
Turbo 200X Universal Motor Run Capacitor
Fernox Central Heating Protector
"Simmons 1-1/2"" Check Valve"
"Simmons 1-1/4"" Check Valve"
"0010 Cast Iron Circulator with Integral Flow Check, 1/8 HP"
Grundfos 15-58F/FR Circulator Pump w/ Removeable Check Valve
Grundfos Alpha 15-55FC/LC Circulator Pump
Grundfos Alpha 15-58F Circulator Pump
Grundfos Alpha2 15-55FR Circulator Pump
Grundfos MAGNA1 32-60F16S Circulator Pump
Grundfos UP26-116BF 230V Circulator Pump
Grundfos UPS26-99FC 115V 3 Speed Circulator Pump w/ Check Valve
Grundfos UPS26-99FC 230V 3 Speed Circulator Pump w/ Check Valve
Honeywell 3-Speed Circulator Pump
RedFox NRF-25 Circulator Pump (No check Valve)
"Taco 0015-MSF3-IFC 3-Speed Cast Iron Circulator - Integral Flow Check, 1/20 HP"
Taco 0015E3 ECM High-Efficiency Wet Rotor Circulator Pump w/ ECM Permanent Magnet Motor
Taco 007-F5-81FC Rotated Flanged Flow Check Circulator Pump
Taco 009-F6 Flanged Cast Iron Cartridge Circulator
Taco Cast Iron Flanged Variable Speed Circulator Pump
Taco ECM High Efficiency Circulator Pump
Buckeye Workout Cleaner
X-Sense Smoke/Carbon Monoxide Detector
CO2 Swoosh Cartridge
Evap Foam No Rinse Evaporator Coil Cleaner
Foam Plus Foaming Coil Cleaner Aerosol
MasterCare Pro-Green Light Duty Coil Cleaner
MasterCare Pro-Yellow Heavy Duty Coil Cleaner
Nu-Calgon Nu-Blast Condenser Coil Cleaner No Rinse
Parker Normally Closed Coil Assembly
Sporlan Solenoid Coil MKC-1
Sporlan Solenoid Coil MKC-2
"3"" Concentric Vent Kit"
115V Condensate Pump
120V SI-30 Condensate Pump
230V Condensate Pump
230V SI-30 Condensate Pump
Asurity 120/240VAC Ductless Condensate Pump
Asurity 120VAC Condensate Low-Profile Pump Pro
Beckett 115V Condensate Pump
Beckett 230V Condensate Pump
EC Series 115V Mini Condensate Pump
Low Rise 115V Condensate Pump
Low Rise 115V Plenum Condensate Pump
Low Rise 230V Condensate Pump
Omega Pack Kit with Si-20 (230V)
Factory Authorized Parts Codensate Trap Kit
"1/2"" Condenser Whip"
"3/4"" Condenser Whip"
"Cambridge 3/4"" Condenser Whip"
"Mars 3/4"" Condenser Whip"
"1-1/2"" PVC Conduit Clamps"
"1-1/4"" PVC Conduit Clamps"
"1"" PVC Conduit Clamps"
"1/2"" PVC Conduit Clamps"
"2"" PVC Conduit Clamps"
"3"" PVC Conduit Clamps"
"3/4"" PVC Conduit Clamps"
2 Pole Contactor 24V
94-388 Single Pole Contactor
Definite Purpose 3 Pole Contactor
Definite Purpose Contactor (DPST)
Factory Authorized Parts Contactor
Honeywell Definite Purpose 2 Pole Contactor
Honeywell Definite Purpose 3 Pole Contactor
OEM Single Pole Contactor
ProTech Definite Purpose 2 Pole Contactor 150/120
ProTech Definite Purpose 2 Pole Contactor 200/160
Factory Authorized Parts Board Fan Control HK
Factory Authorized Parts Fuse Board Kit
Factory Authorized Parts Printed Circuit Board
First Company Board
Honeywell Universal Integrated Furnace Control S9200U
Multi-Functional ADP Control Board 76700805A
Tjerlund Main Control Board Model UC1
Riello 2001004 Control Box
Riello 3001157 Control Box
Samsung Wireless Remote Controller
Equipment Controller
Honeywell RedLINK Equipment Remote Module
MA Smart Remote Controller
Samsung Wired Remote Controller
Simple MA Remote Controller
Smart ME Controller
Wired Remote Controller KSACN0701AAA
Wired Remote Controller KSACN1001AAA
AprilAire Auto Trac Humidistat Controller (24V) Model 56
"Lennox Ignition Control Kit, 30W33"
Fontana 8NP SO1C Gas Conversion Kit
Samsung Converter
"1 1/2"" Copper 10' M"
"1-1/2"" Copper 10' L"
"1-1/4"" Copper 10' L"
"1-1/4"" Copper 10' M"
"1"" Copper 10' L"
"1"" Copper 10' M"
"1/2"" Copper 10' L"
"1/2"" Copper 10' M"
"2-1/2"" Copper 10' L"
"2"" Copper 10' L"
"2"" Copper 10' M"
"3/4"" Copper 10' L"
"3/4"" Copper 10' M"
IntelliStart 60Hz Retrofit Kit Large
"10"" CLBD Bypass Damper"
"10"" TrueZONE Bypass Damper"
"10""x10"" TrueZONE Square Parallel Blade Damper"
"10""x12"" TrueZONE Rectangular Parallel Blade Damper"
"10""x24"" TrueZONE Rectangular Parallel Blade Damper"
"10""x8"" TrueZONE Rectangular Parallel Blade Damper"
"12"" Round Automatic TrueZONE Damper"
"12""x16"" TrueZONE Rectangular Parallel Blade Damper"
"12""x20"" TrueZONE Rectangular Parallel Blade Damper"
"14"" Round Automatic TrueZONE Damper"
"14""x12"" TrueZONE Rectangular Parallel Blade Damper"
"14""x18"" TrueZONE Rectangular Parallel Blade Damper"
"14""x8"" TrueZONE Rectangular Parallel Blade Damper"
"16""x10"" TrueZONE Rectangular Parallel Blade Damper"
"16""x14"" TrueZONE Rectangular Parallel Blade Damper"
"16""x8"" TrueZONE Rectangular Parallel Blade Damper"
"18""x12"" TrueZONE Rectangular Parallel Blade Damper"
"18""x8"" TrueZONE Rectangular Parallel Blade Damper"
"20""x10"" TrueZONE Rectangular Parallel Blade Damper"
"20""x12"" TrueZONE Rectangular Parallel Blade Damper"
"20""x14"" TrueZONE Rectangular Parallel Blade Damper"
"20""x8"" TrueZONE Rectangular Parallel Blade Damper"
"22""x8"" TrueZONE Rectangular Parallel Blade Damper"
"24""x10"" TrueZONE Rectangular Parallel Blade Damper"
"6"" Automatic GVD Vent Damper, without harness"
"8"" Round Automatic TrueZONE Damper"
"8"" Round Zone Damper, DAMPRND08INC-B"
"8"" TrueZONE Bypass Damper"
"8"" URD Motorized Damper"
"8""x10"" TrueZONE Rectangular Parallel Blade Damper"
"8""x16"" TrueZONE Rectangular Parallel Blade Damper"
"8""x18"" TrueZONE Rectangular Parallel Blade Damper"
"8""x22"" TrueZONE Rectangular Parallel Blade Damper"
"Barometric Oil  Damper for 4"" to 6"" Duct"
"Carrier DAMPSLB08X22-B Slip-In Bottom Mount Zone Damper 08""x22"""
"Carrier DAMPSLB10X12-B Slip-In Bottom Mount Zone Damper 10""x12"""
"Carrier DAMPSLB18X10-B Slip-In Bottom Mount Zone Damper 18""x10"""
"Carrier DAMPSLS08X08-B Slip-In Side Mount Zone Damper 8""x8"""
"EWC 10""x12"" ND Motorized Damper"
"EWC 10""x18"" ND Motorized Damper"
"EWC 16""x8"" ND Motorized Damper"
"EWC 20""x10"" ND Motorized Damper"
"EWC 20""x8"" ND Motorized Damper"
"EWC 8""x14"" ND Motorized Damper"
Heil Quaker Z06F001 Barometric Damper
Navien Common Vent Damper Kit
"RSK Series 6"" Duct Round Backdraft Damper"
"RSK Series 8"" Duct Round Backdraft Damper"
Defrost Control
Defrost Control Board
"Defrost Sensor L65-33F, 1173637"
Universal Heat Pump Defrost Control
Duro Dyne Degreaser
Grez-Off Heavy Duty Degreaser 32 oz Spray
EviroCON Deodorizer
Taco 4900 Magnetic Dirt Separator 2
Diversitech Low Profile Disconnect Switch
Mars 60 Amp Non-Fused Side Open Disconnect Box w/Internal Surge Protector
TradePro 60A Non-Fused Disconnect Switch
TradePro 60A non-fusible Pull-Out Disconnect Switch
"6"" Draft Control"
Drive
Navien Dual Venturi Kit
Navien Dual Ventury
