Item Name,Estimated Price,Result Type
Ionizer (Clear-Sky),$125.00,Estimated
HALO-LED Whole Home Air Purifier,$539.94,Pricing Guts!A37
AprilAire 800 Steam Humidifier,"$1,024.40",Pricing Guts!A687
AprilAire 400 Evaporative Humidifier,$274.12,Pricing Guts!A686
Kumo Cloud (Mitsubishi Wireless Interface 2),$153.20,Pricing Guts!A1102
Surge Protector,$71.12,Pricing Guts!A1072
RIB Relay,$20.80,Pricing Guts!A994
Electrical Wire Lugs,$15.00,Estimated
Furnace Mounting Blocks,$5.81,Pricing Guts!A768
Foam Blocks,$3.88,Pricing Guts!A617
Kendorf Unistruts,$42.75,Estimated
"3/8"" Threaded Rods",$8.42,Pricing Guts!A1127
1201 Ductless Stand,$325.00,Estimated
1202 Large Ductless Stand,$325.00,Estimated
Ductless Wall Bracket,$65.00,Estimated
36x48x2 Condenser Pad,$99.65,Pricing Guts!A806
32x32x2 Condenser Pad,$28.13,Pricing Guts!A801
32x32x8 H/P PAD,$45.75,Estimated
36x36x2 Condenser Pad,$32.75,Pricing Guts!A803
36x36x8 H/P PAD,$35.00,Estimated
"1/2"" Whip",$8.75,Estimated
"3/4"" Whip",$8.75,Estimated
Disconnect,$25.00,Estimated
Drain Pan,$45.00,Estimated
EZ-Trap,$15.75,Estimated
Pan Switch,$18.75,Estimated
R4 Bubble Wrap,$234.90,Pricing Guts!A193
R8 Bubble Wrap,$210.76,Pricing Guts!A195
18/2 Thermostat Wire,$99.41,Pricing Guts!A1232
18/3 Thermostat Wire,$496.31,Pricing Guts!A1234
18/4 Thermostat Wire,$66.72,Pricing Guts!A1236
18/6 Thermostat Wire,$99.01,Pricing Guts!A1238
18/8 Thermostat Wire,$100.99,Pricing Guts!A1240
14/4 Black Wire,$0.25,Estimated
16/2 White Sheilded Cable,$28.75,Estimated
115V Low Profile Condensate Pump,$65.00,Estimated
115V Condensate Pump,$52.68,Pricing Guts!A274
230V Low Profile Condensate Pump,$125.00,Estimated
230V Condensate Pump,$93.16,Pricing Guts!A276
NAME AND MODEL NUMBER OR DIMENSIONS,$0.00,Ignored
NAME AND MODEL NUMBER OR DIMENSIONS,$0.00,Ignored
NAME AND MODEL NUMBER OR DIMENSIONS,$0.00,Ignored
NAME AND MODEL NUMBER OR DIMENSIONS,$0.00,Ignored
NAME AND MODEL NUMBER OR DIMENSIONS,$0.00,Ignored
NAME AND MODEL NUMBER OR DIMENSIONS,$0.00,Ignored
NAME AND MODEL NUMBER OR DIMENSIONS,$0.00,Ignored
NAME AND MODEL NUMBER OR DIMENSIONS,$0.00,Ignored
NAME AND MODEL NUMBER OR DIMENSIONS,$0.00,Ignored
NAME AND MODEL NUMBER OR DIMENSIONS,$0.00,Ignored
NAME AND MODEL NUMBER OR DIMENSIONS,$0.00,Ignored
NAME AND MODEL NUMBER OR DIMENSIONS,$0.00,Ignored
NAME AND MODEL NUMBER OR DIMENSIONS,$0.00,Ignored
NAME AND MODEL NUMBER OR DIMENSIONS,$0.00,Ignored
NAME AND MODEL NUMBER OR DIMENSIONS,$0.00,Ignored
NAME AND MODEL NUMBER OR DIMENSIONS,$0.00,Ignored
NAME AND MODEL NUMBER OR DIMENSIONS,$0.00,Ignored
NAME AND MODEL NUMBER OR DIMENSIONS,$0.00,Ignored
NAME AND MODEL NUMBER OR DIMENSIONS,$0.00,Ignored
NAME AND MODEL NUMBER OR DIMENSIONS,$0.00,Ignored
NAME AND MODEL NUMBER OR DIMENSIONS,$0.00,Ignored
NAME AND MODEL NUMBER OR DIMENSIONS,$0.00,Ignored
NAME AND MODEL NUMBER OR DIMENSIONS,$0.00,Ignored
NAME AND MODEL NUMBER OR DIMENSIONS,$0.00,Ignored
NAME AND MODEL NUMBER OR DIMENSIONS,$0.00,Ignored
NAME AND MODEL NUMBER OR DIMENSIONS,$0.00,Ignored
NAME AND MODEL NUMBER OR DIMENSIONS,$0.00,Ignored
NAME AND MODEL NUMBER OR DIMENSIONS,$0.00,Ignored
NAME AND MODEL NUMBER OR DIMENSIONS,$0.00,Ignored
NAME AND MODEL NUMBER OR DIMENSIONS,$0.00,Ignored
NAME AND MODEL NUMBER OR DIMENSIONS,$0.00,Ignored
NAME AND MODEL NUMBER OR DIMENSIONS,$0.00,Ignored
NAME AND MODEL NUMBER OR DIMENSIONS,$0.00,Ignored
NAME AND MODEL NUMBER OR DIMENSIONS,$0.00,Ignored
NAME AND MODEL NUMBER OR DIMENSIONS,$0.00,Ignored
NAME AND MODEL NUMBER OR DIMENSIONS,$0.00,Ignored
NAME AND MODEL NUMBER OR DIMENSIONS,$0.00,Ignored
NAME AND MODEL NUMBER OR DIMENSIONS,$0.00,Ignored
NAME AND MODEL NUMBER OR DIMENSIONS,$0.00,Ignored
NAME AND MODEL NUMBER OR DIMENSIONS,$0.00,Ignored
NAME AND MODEL NUMBER OR DIMENSIONS,$0.00,Ignored
NAME AND MODEL NUMBER OR DIMENSIONS,$0.00,Ignored
NAME AND MODEL NUMBER OR DIMENSIONS,$0.00,Ignored
NAME AND MODEL NUMBER OR DIMENSIONS,$0.00,Ignored
NAME AND MODEL NUMBER OR DIMENSIONS,$0.00,Ignored
T4 Pro Thermostat 1H/1C,$91.44,Pricing Guts!A1111
T4 Pro Thermostat 2H/1C (Heat Pump),$45.75,Estimated
T6 Pro Smart Thermostat 2H/1C,$172.52,Pricing Guts!A1113
T6 Pro Smart Thermostat 3H/2C,$150.39,Pricing Guts!A1114
MHK2 ,$225.00,Estimated
T10+ Pro Smart Thermostat w/ RedLINK 3.0,$273.37,Pricing Guts!A1109
T10+ Equipment Interface Module (NEEDED FOR T10+),$89.75,Estimated
Honeywell Outdoor ERM,$100.00,Estimated
Google Nest Thermostat (1 Heat),$150.00,Estimated
Google Nest Thermostat (2 Heat),$124.33,Pricing Guts!A459
Fast Stat 9000,$250.00,Estimated
Honeywell HZ432K (4-Zone) (3H/2C),$180.00,Estimated
Honeywell HZ322K (3-Zone) (2H/2C),$123.45,Estimated
Honeywell HZ311K (3-Zone) (1H/1C),$248.31,Pricing Guts!A729
"3/8""x5/8""x1/2"" 50' STD BLK FLX",$236.02,Pricing Guts!A726
"3/8""x3/4""x1/2"" 50' STD BLK FLX",$306.08,Pricing Guts!A731
"3/8""x7/8""x1/2"" 50' STD BLK FLX",$203.19,Pricing Guts!A723
"1/4""x3/8""x1/2"" 50' PE MINI BLK FLX",$209.98,Pricing Guts!A721
"1/4""x1/2""x1/2"" 50' PE MINI BLK FLX",$238.20,Pricing Guts!A727
"3/8""x5/8""x1/2"" 50' PE MINI BLK FLX",$66.78,Pricing Guts!A1257
6.5' Length White Line Hide SD100,$83.63,Pricing Guts!A1258
6.5' Length White Line Hide SD144,$61.62,Pricing Guts!A1259
6.5' Length Brown Line Hide SD100,$83.63,Pricing Guts!A1260
6.5' Length Brown Line Hide SD144,$61.62,Pricing Guts!A1261
6.5' Length Beige Line Hide SD100,$83.63,Pricing Guts!A1262
6.5' Length Beige Line Hide SD144,$30.64,Pricing Guts!A1263
Wall Inlet (White) SD100,$26.88,Pricing Guts!A1264
Soffit Inlet (White) SD100,$42.28,Pricing Guts!A1265
Offset (White) SD100,$47.55,Pricing Guts!A1266
Flat 90 Elbow (White) SD100,$48.38,Pricing Guts!A1267
Vertical 90 Elbow (White) SD100,$13.40,Pricing Guts!A1268
Couplings (White) SD100,$30.64,Pricing Guts!A1269
Wall Inlet (Brown) SD100,$37.13,Pricing Guts!A1270
Soffit Inlet (Brown) SD100,$42.28,Pricing Guts!A1271
Offset (Brown) SD100,$47.55,Pricing Guts!A1272
Flat 90 Elbow (Brown) SD100,$48.38,Pricing Guts!A1273
Vertical 90 Elbow (Brown) SD100,$11.88,Pricing Guts!A1274
Couplings (Brown) SD100,$30.64,Pricing Guts!A1275
Wall Inlet (Beige) SD100,$37.13,Pricing Guts!A1276
Soffit Inlet (Beige) SD100,$42.28,Pricing Guts!A1277
Offset (Beige) SD100,$47.55,Pricing Guts!A1278
Flat 90 Elbow (Beige) SD100,$48.38,Pricing Guts!A1279
Vertical 90 Elbow (Beige) SD100,$11.88,Pricing Guts!A1280
Couplings (Beige) SD100,$41.58,Pricing Guts!A1281
Wall Inlet (White) SD140,$50.39,Pricing Guts!A1282
Soffit Inlet (White) SD140,$57.38,Pricing Guts!A1283
Offset (White) SD140,$64.53,Pricing Guts!A1284
Flat 90 Elbow (White) SD140,$65.66,Pricing Guts!A1285
Vertical 90 Elbow (White) SD140,$16.12,Pricing Guts!A1286
Couplings (White) SD140,$41.58,Pricing Guts!A1287
Wall Inlet (Brown) SD140,$50.39,Pricing Guts!A1288
Soffit Inlet (Brown) SD140,$57.38,Pricing Guts!A1289
Offset (Brown) SD140,$64.53,Pricing Guts!A1290
Flat 90 Elbow (Brown) SD140,$65.66,Pricing Guts!A1291
Vertical 90 Elbow (Brown) SD140,$16.12,Pricing Guts!A1292
Couplings (Brown) SD140,$41.58,Pricing Guts!A1293
Wall Inlet (Beige) SD140,$50.39,Pricing Guts!A1294
Soffit Inlet (Beige) SD140,$57.38,Pricing Guts!A1295
Offset (Beige) SD140,$64.53,Pricing Guts!A1296
Flat 90 Elbow (Beige) SD140,$65.66,Pricing Guts!A1297
Vertical 90 Elbow (Beige) SD140,$16.12,Pricing Guts!A1298
Couplings (Beige) SD140,$42.75,Estimated
White Leader Pipe ,$42.75,Estimated
Brown Leader Pipe,$8.75,Estimated
White Leader Straps,$8.75,Estimated
Brown Leader Straps,$14.09,Pricing Guts!A972
3/4 PVC Pipe 10' Length,$3.50,Estimated
Corrugated Ductless Tubing (Linear Feet),$0.25,Estimated
3/8 Poly Vinyl Tubing (Linear Feet),$63.95,Pricing Guts!A447
ST-5 Expansion Tank,$86.67,Pricing Guts!A446
ST-12 Expansion Tank,$54.00,Pricing Guts!A440
EX-15 Expansion Tank,$56.15,Pricing Guts!A441
EX-30 Expansion Tank,$113.52,Pricing Guts!A442
EX-60 Expansion Tank,$45.75,Estimated
Feeder Back Flow Combo,$78.50,Estimated
115V Low Water Cut Off,$25.00,Estimated
24V Low Water Cut Off,$4.75,Estimated
Mixing Valve,$8.75,Estimated
Water Heater Drain Pan,$6.84,Pricing Guts!A1312
"3/8"" Armaflex Insulation (6' Lengths)",$5.56,Pricing Guts!A1313
"5/8"" Armaflex Insulation (6' Lengths)",$7.52,Pricing Guts!A1314
"3/4"" Armaflex Insulation (6' Lengths)",$8.11,Pricing Guts!A1315
"7/8"" Armaflex Insulation (6' Lengths)",$9.70,Pricing Guts!A1316
"1-1/8"" Armaflex Insulation (6' Lengths)",$11.05,Pricing Guts!A1317
"1-1/2"" Armaflex Insulation (6' Lengths)",$9.24,Pricing Guts!A1318
"1-5/8"" Armaflex Insulation (6' Lengths)",$14.12,Pricing Guts!A1319
"2"" Armaflex Insulation (6' Lengths)",$45.75,Estimated
"5"" Pipe (Linear Feet)",$45.80,Estimated
"5"" Elbows",$12.45,Estimated
"5"" Sticky Collar (ATD)",$8.75,Estimated
"5"" Clinch Collar",$7.86,Pricing Guts!A432
"5"" Top Take Off",$13.20,Pricing Guts!A419
"5"" Saddle Collar",$41.46,Pricing Guts!A596
"5"" R-4 Flex",$62.08,Pricing Guts!A598
"5"" R-8 Flex",$7.86,Pricing Guts!A433
"5"" Oval Pipe (Linear Feet)",$7.86,Pricing Guts!A432
"5"" Oval to Round Straight",$7.86,Pricing Guts!A433
"5"" Oval to Round Vertical",$42.75,Estimated
"5"" Oval to Round Horizontal",$42.75,Estimated
"5"" Oval Vertical 90",$42.75,Estimated
"5"" Oval Horizontal 90",$7.86,Pricing Guts!A432
12x4x5 Straight Boot,$7.86,Pricing Guts!A433
12x4x5 90 Boot,$32.50,Estimated
12x4x5 Pencil Boot,$7.86,Pricing Guts!A432
12x6x5 Straight Boot,$7.86,Pricing Guts!A433
12x6x5 90 Boot,$8.75,Estimated
12x6x5 Pencil Boot,$3.75,Estimated
6x6x5 Top Tap,$2.50,Estimated
6x6x5 Side Tap,$12.75,Estimated
8x8x5 Top Tap,$12.40,Pricing Guts!A422
8x8x5 Side Tap,$46.85,Pricing Guts!A600
"5"" 12x4 Oval Stack Head",$12.40,Pricing Guts!A422
"5"" 12x6 Oval Stack Head",$46.85,Pricing Guts!A600
"5"" 14x4 Oval Stack Head",$54.49,Pricing Guts!A602
"5"" 14x6 Oval Stack Head",$45.75,Estimated
"6"" Pipe (Linear Feet)",$45.75,Estimated
"6"" Elbows",$28.75,Estimated
"6"" Sticky Collar (ATD)",$12.45,Estimated
"6"" Clinch Collar",$7.86,Pricing Guts!A432
"6"" Top Take Off",$12.40,Pricing Guts!A422
"6"" Saddle Collar",$46.85,Pricing Guts!A600
"6"" R-4 Flex",$54.49,Pricing Guts!A602
"6"" R-8 Flex",$7.86,Pricing Guts!A433
"6"" Oval Pipe (Linear Feet)",$7.86,Pricing Guts!A432
"6"" Oval to Round Straight",$7.86,Pricing Guts!A433
"6"" Oval to Round Vertical",$45.80,Estimated
"6"" Oval to Round Horizontal",$42.75,Estimated
"6"" Oval Vertical 90",$42.75,Estimated
"6"" Oval Horizontal 90",$7.86,Pricing Guts!A432
12x4x6 Straight Boot,$7.86,Pricing Guts!A433
12x4x6 90 Boot,$28.75,Estimated
12x4x6 Pencil Boot,$7.86,Pricing Guts!A432
12x6x6 Straight Boot,$7.86,Pricing Guts!A433
12x6x6 90 Boot,$8.75,Estimated
12x6x6 Pencil Boot,$3.75,Estimated
6x6x6 Top Tap,$3.75,Estimated
6x6x6 Side Tap,$18.75,Estimated
8x8x6 Top Tap,$14.05,Pricing Guts!A426
8x8x6 Side Tap,$51.26,Pricing Guts!A604
"6"" 12x4 Oval Stack Head",$14.05,Pricing Guts!A426
"6"" 12x6 Oval Stack Head",$51.26,Pricing Guts!A604
"6"" 14x4 Oval Stack Head",$58.78,Pricing Guts!A606
"6"" 14x6 Oval Stack Head",$45.75,Estimated
"7"" Pipe (Linear Feet)",$45.75,Estimated
"7"" Elbows",$42.75,Estimated
"7"" Sticky Collar (ATD)",$12.45,Estimated
"7"" Clinch Collar",$7.86,Pricing Guts!A434
"7"" Top Take Off",$14.05,Pricing Guts!A426
"7"" Saddle Collar",$51.26,Pricing Guts!A604
"7"" R-4 Flex",$58.78,Pricing Guts!A606
"7"" R-8 Flex",$8.82,Pricing Guts!A435
"7"" Oval Pipe (Linear Feet)",$7.86,Pricing Guts!A434
"7"" Oval to Round Straight",$8.82,Pricing Guts!A435
"7"" Oval to Round Vertical",$8.82,Pricing Guts!A435
"7"" Oval to Round Horizontal",$7.86,Pricing Guts!A434
"7"" Oval Vertical 90",$8.82,Pricing Guts!A435
"7"" Oval Horizontal 90",$7.86,Pricing Guts!A434
12x4x7 Straight Boot,$8.82,Pricing Guts!A435
12x4x7 90 Boot,$8.82,Pricing Guts!A435
12x4x7 Pencil Boot,$7.86,Pricing Guts!A434
12x6x7 Straight Boot,$8.82,Pricing Guts!A435
12x6x7 90 Boot,$45.80,Estimated
12x6x7 Pencil Boot,$7.86,Pricing Guts!A434
14x4x7 Straight Boot,$8.82,Pricing Guts!A435
14x4x7 90 Boot,$42.75,Estimated
14x4x7 Pencil Boot,$7.86,Pricing Guts!A434
14x6x7 Straight Boot,$8.82,Pricing Guts!A435
14x6x7 90 Boot,$32.50,Estimated
14x6x7 Pencil Boot,$12.50,Estimated
8x8x7 Top Tap,$12.45,Estimated
8x8x7 Side Tap,$6.75,Estimated
10x10x7 Top Tap,$4.75,Estimated
10x10x7 Side Tap,$18.75,Estimated
"7"" 12x4 Oval Stack Head",$12.53,Pricing Guts!A430
"7"" 12x6 Oval Stack Head",$52.37,Pricing Guts!A608
"7"" 12x8 Oval Stack Head",$12.53,Pricing Guts!A430
"7"" 14x4 Oval Stack Head",$52.37,Pricing Guts!A608
"7"" 14x6 Oval Stack Head",$66.74,Pricing Guts!A610
"7"" 14x8 Oval Stack Head",$45.75,Estimated
"8"" Pipe (Linear Feet)",$45.75,Estimated
"8"" Elbows",$32.75,Estimated
"8"" Sticky Collar (ATD)",$32.75,Estimated
"8"" Clinch Collar",$7.86,Pricing Guts!A432
"8"" Top Take Off",$12.53,Pricing Guts!A430
"8"" Saddle Collar",$52.37,Pricing Guts!A608
"8"" R-4 Flex",$66.74,Pricing Guts!A610
"8"" R-8 Flex",$7.86,Pricing Guts!A433
"8"" Oval Pipe (Linear Feet)",$7.86,Pricing Guts!A432
"8"" Oval to Round Straight",$7.86,Pricing Guts!A433
"8"" Oval to Round Vertical",$12.75,Estimated
"8"" Oval to Round Horizontal",$12.75,Estimated
"8"" Oval Vertical 90",$7.86,Pricing Guts!A432
"8"" Oval Horizontal 90",$7.86,Pricing Guts!A432
12x4x8 Straight Boot,$7.86,Pricing Guts!A433
12x4x8 90 Boot,$7.86,Pricing Guts!A433
12x4x8 Pencil Boot,$7.86,Pricing Guts!A432
12x6x8 Straight Boot,$7.86,Pricing Guts!A433
12x6x8 90 Boot,$45.75,Estimated
12x6x8 Pencil Boot,$42.75,Estimated
14x4x8 Straight Boot,$32.75,Estimated
14x4x8 90 Boot,$42.75,Estimated
14x4x8 Pencil Boot,$7.86,Pricing Guts!A432
14x6x8 Straight Boot,$7.86,Pricing Guts!A433
14x6x8 90 Boot,$32.75,Estimated
14x6x8 Pencil Boot,$8.75,Estimated
8x8x8 Top Tap,$8.75,Estimated
8x8x8 Side Tap,$7.50,Estimated
10x10x8 Top Tap,$3.75,Estimated
10x10x8 Side Tap,$12.75,Estimated
"8"" 12x4 Oval Stack Head",$13.20,Pricing Guts!A419
"8"" 12x6 Oval Stack Head",$69.66,Pricing Guts!A582
"8"" 12x8 Oval Stack Head",$13.20,Pricing Guts!A419
"8"" 14x4 Oval Stack Head",$69.66,Pricing Guts!A582
"8"" 14x6 Oval Stack Head",$114.00,Pricing Guts!A584
"8"" 14x8 Oval Stack Head",$42.75,Estimated
"10"" Pipe (Linear Feet)",$42.75,Estimated
"10"" Elbows",$42.75,Estimated
"10"" Sticky Collar (ATD)",$42.75,Estimated
"10"" Clinch Collar",$8.75,Estimated
"10"" Top Take Off",$13.20,Pricing Guts!A419
"10"" Saddle Collar",$69.66,Pricing Guts!A582
"10"" R-4 Flex",$114.00,Pricing Guts!A584
"10"" R-8 Flex",$18.75,Estimated
10x10x10 Top Tap,$13.20,Pricing Guts!A419
10x10x10 Side Tap,$84.38,Pricing Guts!A586
12x12x10 Top Tap,$13.20,Pricing Guts!A419
12x12x10 Side Tap,$84.38,Pricing Guts!A586
14x14x10 Top Tap,$114.00,Pricing Guts!A584
14x14x10 Side Tap,$78.50,Estimated
"12"" Pipe (Linear Feet)",$78.50,Estimated
"12"" Elbows",$8.75,Estimated
"12"" Sticky Collar (ATD)",$8.75,Estimated
"12"" Clinch Collar",$6.75,Estimated
"12"" Top Take Off",$13.20,Pricing Guts!A419
"12"" Saddle Collar",$84.38,Pricing Guts!A586
"12"" R-4 Flex",$114.00,Pricing Guts!A584
"12"" R-8 Flex",$114.00,Pricing Guts!A584
12x12x12 Top Tap,$102.31,Pricing Guts!A588
12x12x12 Side Tap,$114.00,Pricing Guts!A584
14x14x12 Top Tap,$7.50,Estimated
14x14x12 Side Tap,$3.75,Estimated
"14"" Pipe (Linear Feet)",$28.75,Estimated
"14"" Elbows",$120.33,Pricing Guts!A590
"14"" Sticky Collar (ATD)",$114.00,Pricing Guts!A584
"14"" Clinch Collar",$120.33,Pricing Guts!A590
"14"" Top Take Off",$102.31,Pricing Guts!A588
"14"" R-4 Flex",$114.00,Pricing Guts!A584
"14"" R-8 Flex",$3.75,Estimated
"16"" Pipe (Linear Feet)",$28.75,Estimated
"16"" Elbows",$139.45,Pricing Guts!A592
"16"" Sticky Collar (ATD)",$114.00,Pricing Guts!A584
"16"" Clinch Collar",$139.45,Pricing Guts!A592
"16"" Top Take Off",$120.33,Pricing Guts!A590
"16"" R-4 Flex",$114.00,Pricing Guts!A584
"16"" R-8 Flex",$3.75,Estimated
"18"" Pipe (Linear Feet)",$18.75,Estimated
"18"" Elbows",$69.66,Pricing Guts!A582
"18"" Sticky Collar (ATD)",$114.00,Pricing Guts!A584
"18"" Clinch Collar",$69.66,Pricing Guts!A582
"18"" Top Take Off",$139.45,Pricing Guts!A592
"18"" R-4 Flex",$114.00,Pricing Guts!A584
"18"" R-8 Flex",$8.75,Estimated
"20"" Pipe (Linear Feet)",$8.75,Estimated
"20"" Elbows",$8.75,Estimated
"20"" Sticky Collar (ATD)",$8.75,Estimated
"20"" Clinch Collar",$8.75,Estimated
"20"" Top Take Off",$69.66,Pricing Guts!A582
"20"" R-4 Flex",$114.00,Pricing Guts!A584
"20"" R-8 Flex",$28.75,Estimated
"6"" Cap",$28.75,Estimated
"7"" Cap",$28.75,Estimated
"8"" Cap",$28.75,Estimated
"10"" Cap",$8.75,Estimated
"12"" Cap",$18.75,Estimated
"14"" Cap",$18.75,Estimated
"16"" Cap",$18.75,Estimated
"18"" Cap",$18.75,Estimated
"20"" Cap",$17.50,Estimated
"18""X16"" Pipe Reducer",$18.75,Estimated
"18""X14"" Pipe Reducer",$12.45,Estimated
"18""X12"" Pipe Reducer",$8.75,Estimated
"16""X14"" Pipe Reducer",$8.75,Estimated
"16""X12"" Pipe Reducer",$8.75,Estimated
"16""X10 Pipe Reducer",$8.75,Estimated
"14""X12"" Pipe Reducer",$28.75,Estimated
"14""X10"" Pipe Reducer",$8.75,Estimated
"14""X8"" Pipe Reducer",$8.75,Estimated
"12""X10"" Pipe Reducer",$28.75,Estimated
"12""X8"" Pipe Reducer",$12.50,Estimated
"12""X7"" Pipe Reducer",$8.75,Estimated
"10""X8"" Pipe Reducer",$42.75,Estimated
"10""X7"" Pipe Reducer",$12.50,Estimated
"10""X6"" Pipe Reducer",$8.75,Estimated
"4"" Smoke Pipe (Linear Feet)",$45.75,Estimated
"4"" Smoke 90",$12.50,Estimated
"4"" Smoke Tee",$42.75,Estimated
"5"" Smoke Pipe (Linear Feet)",$42.75,Estimated
"5"" Smoke 90",$4.75,Estimated
"5"" Smoke Tee",$7.50,Estimated
"6"" Smoke Pipe (Linear Feet)",$6.75,Estimated
"6"" Smoke 90",$4.75,Estimated
"6"" Smoke Tee",$6.75,Estimated
"7"" Smoke Pipe (Linear Feet)",$6.75,Estimated
"7"" Smoke 90",$6.75,Estimated
"7"" Smoke Tee",$7.50,Estimated
"8"" Smoke Pipe (Linear Feet)",$7.50,Estimated
"8"" Smoke 90",$6.75,Estimated
"8"" Smoke Tee",$89.75,Estimated
"8""x7"" Reducer",$85.00,Estimated
"8""x6"" Reducer",$89.75,Estimated
"8""x5"" Reducer",$32.50,Estimated
"8""x4"" Reducer",$22.50,Estimated
"7""x6"" Reducer",$22.50,Estimated
"7""x5"" Reducer",$22.50,Estimated
"7""x4"" Reducer",$22.50,Estimated
"6""x5"" Reducer",$28.75,Estimated
"6""x4"" Reducer",$22.50,Estimated
"5""x4"" Reducer",$22.50,Estimated
"2"" Concentric",$18.75,Estimated
"3"" Concentric",$18.75,Estimated
"4"" Concentric",$12.75,Estimated
12x4 Wood Fl. Drop In Grille,$12.75,Estimated
12x6 Wood Fl. Drop In Grille,$15.75,Estimated
14x4 Wood Fl. Drop In Grille,$15.75,Estimated
14x6 Wood Fl. Drop In Grille,$12.75,Estimated
12x4 Wood Fl. Flush Grille,$12.75,Estimated
12x6 Wood Fl. Flush Grille,$12.50,Estimated
14x4 Wood Fl. Flush Grille,$12.50,Estimated
14x6 Wood Fl. Flush Grille,$45.80,Estimated
12x4 Brown Metal Fl. Grille,$22.50,Estimated
12x6 Brown Metal Fl. Grille,$12.50,Estimated
14x4 Brown Metal Fl. Grille,$12.50,Estimated
14x6 Brown Metal Fl. Grille,$12.75,Estimated
12x4 White Metal Fl. Grille,$42.75,Estimated
12x6 White Metal Fl. Grille,$22.50,Estimated
14x4 White Metal Fl. Grille,$32.50,Estimated
14x6 White Metal Fl. Grille,$12.50,Estimated
6x6 1 Way (White),$12.50,Estimated
6x6 2 Way Corner (White),$25.00,Estimated
6x6 2 Way Opposed (White),$12.45,Estimated
6x6 3 Way (White),$22.50,Estimated
6x6 4 Way (White),$8.75,Estimated
8x8 1 Way (White),$18.75,Estimated
8x8 2 Way Corner (White),$28.75,Estimated
8x8 2 Way Opposed (White),$18.75,Estimated
8x8 3 Way (White),$32.50,Estimated
8x8 4 Way (White),$12.50,Estimated
10x10 1 Way (White),$12.50,Estimated
10x10 2 Way Corner (White),$32.50,Estimated
10x10 2 Way Opposed (White),$22.50,Estimated
10x10 3 Way (White),$22.50,Estimated
10x10 4 Way (White),$12.50,Estimated
12x12 1 Way (White),$12.50,Estimated
12x12 2 Way Corner (White),$45.75,Estimated
12x12 2 Way Opposed (White),$22.50,Estimated
12x12 3 Way (White),$22.50,Estimated
12x12 4 Way (White),$12.50,Estimated
6x6 1 Way (Brown),$12.50,Estimated
6x6 2 Way Corner (Brown),$22.50,Estimated
6x6 2 Way Opposed (Brown),$12.45,Estimated
6x6 3 Way (Brown),$22.50,Estimated
6x6 4 Way (Brown),$8.75,Estimated
8x8 1 Way (Brown),$18.75,Estimated
8x8 2 Way Corner (Brown),$45.80,Estimated
8x8 2 Way Opposed (Brown),$18.75,Estimated
8x8 3 Way (Brown),$32.50,Estimated
8x8 4 Way (Brown),$60.00,Estimated
10x10 1 Way (Brown),$60.00,Estimated
10x10 2 Way Corner (Brown),$60.00,Estimated
10x10 2 Way Opposed (Brown),$60.00,Estimated
10x10 3 Way (Brown),$60.00,Estimated
10x10 4 Way (Brown),$60.00,Estimated
12x12 1 Way (Brown),$60.00,Estimated
12x12 2 Way Corner (Brown),$60.00,Estimated
12x12 2 Way Opposed (Brown),$12.45,Estimated
12x12 3 Way (Brown),$18.75,Estimated
12x12 4 Way (Brown),$28.75,Estimated
MV4 (6-8),$4.50,Estimated
MV3 (6-8),$12.45,Estimated
MV2 (6-8),$12.45,Estimated
MVE (6-8) Return,$32.50,Estimated
MV4S (4-6),$28.75,Estimated
MV3S (4-6),$28.75,Estimated
MV2S (4-6),$6.75,Estimated
MVES (4-6) Return,$12.45,Estimated
10x6 White,$32.50,Estimated
12x6 White,$28.75,Estimated
38x10 White,$28.75,Estimated
14X4 White,$8.75,Estimated
14X6 White,$8.75,Estimated
14X8 White,$22.50,Estimated
10x6 Brown,$22.50,Estimated
12x6 Brown,$25.00,Estimated
38x10 Brown,$28.75,Estimated
14X4 Brown,$22.50,Estimated
14X6 Brown,$22.50,Estimated
14X8 Brown,$18.75,Estimated
"10"" White",$28.75,Estimated
"10"" Brown",$22.50,Estimated
"12"" White",$28.75,Estimated
"12"" Brown",$22.50,Estimated
10X10 Stamp Return Grillle (White),$25.00,Estimated
12X12 Stamp Return Grillle (White),$18.75,Estimated
14X14 Stamp Return Grillle (White),$32.75,Estimated
14X20 Stamp Return Grillle (White),$22.50,Estimated
20X14 Stamp Return Grillle (White),$32.50,Estimated
14X24 Stamp Return Grillle (White),$45.75,Estimated
24X14 Stamp Return Grillle (White),$28.75,Estimated
14X30 Stamp Return Grillle (White),$18.75,Estimated
30X14 Stamp Return Grillle (White),$22.50,Estimated
14X36 Stamp Return Grillle  (White),$25.00,Estimated
36X14 Stamp Return Grillle (White),$28.75,Estimated
20X20 Stamp Return Grillle (White),$28.75,Estimated
20X24 Stamp Return Grillle (White),$28.75,Estimated
24X20 Stamp Return Grillle (White),$18.75,Estimated
