Name,Email,Dedicated File Url,-,,
John Irwin,john@bellmech.com,https://docs.google.com/spreadsheets/d/1xHC8iZtvj_Mwe8K9Ei6iy3kQA7AiKIoPO4VptX64TgE/edit?gid=276351605#gid=276351605,-,,Most Recent Update
Giovanni Loaiza,giovanni@bellmech.com,https://docs.google.com/spreadsheets/d/1uYTWs3vaS4NlmSb0fwM3LXJXZDNS9ZNlJlp6kDf5woY/edit?gid=157711375#gid=157711375,-,,11/7/2025
Keith Bell,keith@bellmech.com,https://docs.google.com/spreadsheets/d/1hC-m2eCecg-DIMp9rmIJpVTB8SDBamVKXx-AQwTk5zg/edit?gid=157711375#gid=157711375,-,,
Umair Ahmed,umair@bellmech.com,https://docs.google.com/spreadsheets/d/16EK9sjIWdnZpUICIAMlqx3Z20tCwu10EZtsj34d5A1c/edit?gid=334040641#gid=334040641&fvid=1630171556,-,,
Patrick O'Gara,pog@bellmech.com,https://docs.google.com/spreadsheets/d/1qo7kGQ5yRxj3Z5sj-aYpbTJjGMn-XRw3OalkkeoPc58/edit?gid=157711375#gid=157711375,-,,
Pack-Timco Master File,wdigiacomo@packtimco.com,https://docs.google.com/spreadsheets/d/1Fr2HMabmluH8G2HckH2byOBrAinkoNehox680V38b20/edit?gid=157711375#gid=157711375,-,,
Jerry Petrini,jpetrini@packtimco.com,https://docs.google.com/spreadsheets/d/1O7zG0Mj2DWEjCgqsSqoXRdm7eVZBXctP90S9ydZl0BQ/edit?gid=157711375#gid=157711375,-,,
Glenn Pack,gpack@packtimco.com,https://docs.google.com/spreadsheets/d/1ciziSug4zmjh_vsQ8g2VlOJDivZifpPfHSztM4uXO74/edit?gid=157711375#gid=157711375,-,,
Frank Bedini,frankb10617@gmail.com,https://docs.google.com/spreadsheets/d/10x31RlbO-gRrCfs1AkHyIgBzUU-K00kYN4iG2WS0tYo/edit?gid=157711375#gid=157711375,-,,
Chris McPhillips,chris.mckplumbing@gmail.com,https://docs.google.com/spreadsheets/d/16oR8jNshhLo1Bhj4HBVVviNBAkIn9MyZrclzwl4mdgI/edit?gid=157711375#gid=157711375,-,,
Kim Christensen,kim@bellmech.com,https://docs.google.com/spreadsheets/d/1Wk3kHJlVlF0rveZ853DNH-yL2ZHUSotwxHgGyjYoMVc/edit?gid=276351605#gid=276351605,-,,
,,,-,,
,,,-,,
,,,-,Notes,
,,,-,,
,,,,,
,,,-,,
,,,-,,
,,,-,,
,,,-,,
,,,-,,
,,,-,,
,,,-,,
,,,-,,
,,,-,,
,,,-,,
,,,-,,
,,,-,,
,,,-,,
,,,-,,
,,,-,,
,,,-,,
,,,-,,
,,,-,,
,,,-,,
,,,-,,
,,,-,,
,,,-,,
,,,-,,
,,,-,,
,,,-,,
,,,-,,
,,,-,,
,,,-,,
,,,-,,
,,,-,,
,,,-,,
,,,-,,
,,,-,,
,,,-,,
,,,-,,
,,,-,,
,,,-,,
,,,-,,
,,,-,,
,,,-,,
,,,-,,
,,,-,,
,,,-,,
,,,-,,
,,,-,,
,,,-,,
,,,-,,
,,,-,,
,,,-,,
,,,-,,
,,,-,,
,,,-,,
,,,-,,
,,,-,,
,,,-,,
,,,-,,
,,,-,,
,,,-,,
,,,-,,
,,,-,,
,,,-,,
,,,-,,
,,,-,,
,,,-,,
,,,-,,
,,,-,,
,,,-,,
,,,-,,
,,,-,,
,,,-,,
,,,-,,
,,,-,,
,,,-,,
,,,-,,
,,,-,,
,,,-,,
,,,-,,
,,,-,,
,,,-,,
,,,-,,
,,,-,,
,,,-,,
,,,-,,
,,,-,,
,,,-,,
,,,-,,
,,,-,,
,,,-,,
,,,-,,
,,,-,,
,,,-,,
,,,-,,
,,,-,,
,,,-,,
,,,-,,
,,,-,,
,,,-,,
,,,-,,
,,,-,,
,,,-,,
,,,-,,
,,,-,,
,,,-,,
,,,-,,
,,,-,,
,,,-,,
,,,-,,
,,,-,,
,,,-,,
,,,-,,
,,,-,,
,,,-,,
,,,-,,
,,,-,,
,,,-,,
,,,-,,
,,,-,,
,,,-,,
,,,-,,
,,,-,,
,,,-,,
,,,-,,
,,,-,,
,,,-,,
,,,-,,
,,,-,,
,,,-,,
,,,-,,
,,,-,,
,,,-,,
,,,-,,
,,,-,,
,,,-,,
,,,-,,
,,,-,,
,,,-,,
,,,-,,
,,,-,,
,,,-,,
,,,-,,
,,,-,,
,,,-,,
,,,-,,
,,,-,,
,,,-,,
,,,-,,
,,,-,,
,,,-,,
,,,-,,
,,,-,,
,,,-,,
,,,-,,
,,,-,,
,,,-,,
,,,-,,
,,,-,,
,,,-,,
,,,-,,
,,,-,,
,,,-,,
,,,-,,
,,,-,,
,,,-,,
,,,-,,
,,,-,,
,,,-,,
,,,-,,
,,,-,,
,,,-,,
,,,-,,
,,,-,,
,,,-,,
,,,-,,
,,,-,,
,,,-,,
,,,-,,
,,,-,,
,,,-,,
,,,-,,
,,,-,,
,,,-,,
,,,-,,
,,,-,,
,,,-,,
,,,-,,
,,,-,,
,,,-,,
,,,-,,
,,,-,,
,,,-,,
,,,-,,
,,,-,,
,,,-,,
,,,-,,
,,,-,,
,,,-,,
,,,-,,
,,,-,,
,,,-,,
,,,-,,
,,,-,,
,,,-,,
,,,-,,
,,,-,,
,,,-,,
,,,-,,
,,,-,,
,,,-,,
,,,-,,
,,,-,,
,,,-,,
,,,-,,
,,,-,,
,,,-,,
,,,-,,
,,,-,,
,,,-,,
,,,-,,
,,,-,,
,,,-,,
,,,-,,
,,,-,,
,,,-,,
,,,-,,
,,,-,,
,,,-,,
,,,-,,
,,,-,,
,,,-,,
,,,-,,
,,,-,,
,,,-,,
,,,-,,
,,,-,,
,,,-,,
,,,-,,
,,,-,,
,,,-,,
,,,-,,
,,,-,,
,,,-,,
,,,-,,
,,,-,,
,,,-,,
,,,-,,
,,,-,,
,,,-,,
,,,-,,
,,,-,,
,,,-,,
,,,-,,
,,,-,,
,,,-,,
,,,-,,
,,,-,,
,,,-,,
,,,-,,
,,,-,,
,,,-,,
,,,-,,
,,,-,,
,,,-,,
,,,-,,
,,,-,,
,,,-,,
,,,-,,
,,,-,,
,,,-,,
,,,-,,
,,,-,,
,,,-,,
,,,-,,
,,,-,,
,,,-,,
,,,-,,
,,,-,,
,,,-,,
,,,-,,
,,,-,,
,,,-,,
,,,-,,
,,,-,,
,,,-,,
,,,-,,
,,,-,,
,,,-,,
,,,-,,
,,,-,,
,,,-,,
,,,-,,
,,,-,,
,,,-,,
,,,-,,
,,,-,,
,,,-,,
,,,-,,
,,,-,,
,,,-,,
,,,-,,
,,,-,,
,,,-,,
,,,-,,
,,,-,,
,,,-,,
,,,-,,
,,,-,,
,,,-,,
,,,-,,
,,,-,,
,,,-,,
,,,-,,
,,,-,,
,,,-,,
,,,-,,
,,,-,,
,,,-,,
,,,-,,
,,,-,,
,,,-,,
,,,-,,
,,,-,,
,,,-,,
,,,-,,
,,,-,,
,,,-,,
,,,-,,
,,,-,,
,,,-,,
,,,-,,
,,,-,,
,,,-,,
,,,-,,
,,,-,,
,,,-,,
,,,-,,
,,,-,,
,,,-,,
,,,-,,
,,,-,,
,,,-,,
,,,-,,
,,,-,,
,,,-,,
,,,-,,
,,,-,,
,,,-,,
,,,-,,
,,,-,,
,,,-,,
,,,-,,
,,,-,,
,,,-,,
,,,-,,
,,,-,,
,,,-,,
,,,-,,
,,,-,,
,,,-,,
,,,-,,
,,,-,,
,,,-,,
,,,-,,
,,,-,,
,,,-,,
,,,-,,
,,,-,,
,,,-,,
,,,-,,
,,,-,,
,,,-,,
,,,-,,
,,,-,,
,,,-,,
,,,-,,
,,,-,,
,,,-,,
,,,-,,
,,,-,,
,,,-,,
,,,-,,
,,,-,,
,,,-,,
,,,-,,
,,,-,,
,,,-,,
,,,-,,
,,,-,,
,,,-,,
,,,-,,
,,,-,,
,,,-,,
,,,-,,
,,,-,,
,,,-,,
,,,-,,
,,,-,,
,,,-,,
,,,-,,
,,,-,,
,,,-,,
,,,-,,
,,,-,,
,,,-,,
,,,-,,
,,,-,,
,,,-,,
,,,-,,
,,,-,,
,,,-,,
,,,-,,
,,,-,,
,,,-,,
,,,-,,
,,,-,,
,,,-,,
,,,-,,
,,,-,,
,,,-,,
,,,-,,
,,,-,,
,,,-,,
,,,-,,
,,,-,,
,,,-,,
,,,-,,
,,,-,,
,,,-,,
,,,-,,
,,,-,,
,,,-,,
,,,-,,
,,,-,,
,,,-,,
,,,-,,
,,,-,,
,,,-,,
,,,-,,
,,,-,,
,,,-,,
,,,-,,
,,,-,,
,,,-,,
,,,-,,
,,,-,,
,,,-,,
,,,-,,
,,,-,,
,,,-,,
,,,-,,
,,,-,,
,,,-,,
,,,-,,
,,,-,,
,,,-,,
,,,-,,
,,,-,,
,,,-,,
,,,-,,
,,,-,,
,,,-,,
,,,-,,
,,,-,,
,,,-,,
,,,-,,
,,,-,,
,,,-,,
,,,-,,
,,,-,,
,,,-,,
,,,-,,
,,,-,,
,,,-,,
,,,-,,
,,,-,,
,,,-,,
,,,-,,
,,,-,,
,,,-,,
,,,-,,
,,,-,,
,,,-,,
,,,-,,
,,,-,,
